סמל מוסד,שם מוסד,יישוב
120212,בית רחל שטראוס,ירושלים
120238,קרית יערים,קרית יערים (מוסד)
120527,אלונים,ירושלים
140038,עירוני דתי רוטשילד,ירושלים
140046,עירוני ג',ירושלים
140053,אקדמיה למוסיקה,ירושלים
140061,תכון ליד האוניברסיטה,ירושלים
140079,הגמנסיה העברית,ירושלים
140087,רנה קסין דרכא,ירושלים
140095,חוות הנוער הציוני,ירושלים
140129,קרית נוער ירושלים,ירושלים
140137,ישיבת נתיב מאיר,ירושלים
140160,ישיבת ים לצעירים,ירושלים
140186,"תורני ע""ש פ. הימלפרב",ירושלים
140202,עתיד שחר בית שמש,בית שמש
140236,תורני נסויי בנות פלך,ירושלים
140251,ישיבת תיכון קול מבשר,מבשרת ציון
140269,מקיף דנמרק,ירושלים
140277,מדרשיית עמליה,ירושלים
140434,ישיבת תורת אמת,ירושלים
140442,ישיבת אור ברוך,ירושלים
140491,אולפנת צביה ירושלים,ירושלים
140525,אולפנא ירושלים,ירושלים
140541,ישיבת עטרת ישראל,ירושלים
140574,ישיבת בית מרדכי,ירושלים
140582,ישיבת אוהל מועד,ירושלים
140608,מכון הברכה,ירושלים
140632,מכון אהרון וישראל,ירושלים
140665,אולפנא לבנות,קרית ארבע
140673,ישיבת חסידי בעלז,ירושלים
140681,ישיבת יקירי ירושלים,ירושלים
140715,תיכון בית יעקב,ירושלים
140723,"מקיף ע""ש זיו",ירושלים
140731,מקיף גילה,ירושלים
140749,ישיבת תפארת ישראל,ירושלים
140764,ישיבת נוה שמואל,אפרת
140780,ישיבת כוכב מיעקב,ירושלים
140798,ישיבת אוהל שמעון,ירושלים
140806,תיכון לאומנויות,ירושלים
140814,ישיבת אור אלחנן,ירושלים
140822,בית מלכה,ירושלים
140848,ניצני עוז,בית שמש
140863,דקל - וילנאי,מעלה אדומים
140871,תיכון גבעת גונן,ירושלים
140913,נוה חנה,אלון שבות
140921,ישיבת בית אברהם,ירושלים
140939,"ישיבת בנ""ע מטה בנימין",בית אל
140947,ישיבת מעלות התורה,ירושלים
140954,ישיבת מערבא,מתתיהו
140962,עירוני מסורתי,ירושלים
140970,אולפנא עופרה,עופרה
141028,ישיבת מקור חיים,כפר עציון
141044,"תיכון ע""ש יעקובזון",ירושלים
141069,תפארת משה בצלאל,ירושלים
141093,ישיבת בית דוד חברון גבעת מרדכי,ירושלים
141101,ישיבת נתיבות יוסף,מצפה יריחו
141119,נוות ישראל,ירושלים
141135,ישיבת שפת אמת,ירושלים
141143,ישיבת שאול ומרי טויל,ירושלים
141168,תורני לבנות ב.שולמית,ירושלים
141176,אולפנת צביה מ. אדומים,מעלה אדומים
141192,ישיבת אוהל שמחה,ירושלים
141200,ישיבה לצעירים,ירושלים
141234,ישיבה תורה אור,ירושלים
141242,ישיבת מגדל תורה,ירושלים
141267,ישיבת קניני התורה,ירושלים
141291,ישיבת אהבת חיים,כוכב השחר
141309,עירוני פסגת זאב,ירושלים
141333,מ. חינוכי למצטיינות,ירושלים
141358,ישיבת מעלה חבר,פני חבר
141390,אולפנא ת. לאומנויות,ירושלים
141432,בית יעקב דרכי רחל,ירושלים
141457,ישיבת באר אברהם,ירושלים
141481,ישיבת באר התורה,בית שמש
141499,אור תורה סטון לבנים,ירושלים
141523,ישיבת באור שמואל,ירושלים
141549,אור תורה סטון לבנות,ירושלים
141572,ישיבת משכן ציון,ירושלים
141580,ישיבת דרך התורה,מודיעין עילית
141606,ישיבת משכן שלמה,ירושלים
141614,ישיבת אמרי נועם,ירושלים
141630,ישיבת זהר התורה,ירושלים
141689,בית יעקב,מודיעין עילית
141713,תוספות יום-טוב,ירושלים
141739,ישיבת בני צבי בית אל,בית אל
141754,ישיבה תיכ' תורה ומדע,ירושלים
141762,ירים משה,ירושלים
141796,ישיבת מעין התלמוד,ירושלים
141853,מעלות בית יעקב,ירושלים
141861,בי סמינר רמות שמסיאב,ירושלים
141895,בנות ויזניץ,ירושלים
141911,דמשק אליעזר ויזניץ,ירושלים
141929,בית חוה,ירושלים
141978,אנקורי,ירושלים
142018,ישיבת נתיבות יעקב,ירושלים
142034,תיכון בית יעקב,בית שמש
142075,דחסידי גור,ירושלים
142083,חוות דעת,ירושלים
142158,אדרת אליהו,ירושלים
142166,אולפנת לבונה,מעלה לבונה
142174,"ישיבת בנ""ע אורות יהודה",אפרת
142190,בית יעקב עלי באר,ירושלים
142216,אמרי בינה,בית שמש
142232,ישיבת תומכי תמימים,ביתר עילית
142265,"סוסיא-ישיבת בני""ע",סוסיה
142281,"ישיבת בנ""ע כינור דוד",עטרת
142315,תפארת לוי,ירושלים
142331,ישיבת זכרון אליעזר,ירושלים
142372,ישיבת אורייתא תודה ודעת,ירושלים
144071,עטרת התורה,ירושלים
144097,המרכז הישראלי למצוינות בחינוך,ירושלים
144147,ישיבת זרע יצחק,ירושלים
144162,ישיבת תפארת התלמוד,ירושלים
144196,המדרשה החסידית,ביתר עילית
144212,ישיבה תיכונית,קרית ארבע
144220,תורני נסויי הרטמן,ירושלים
144238,מכללת אבראהימיה,ירושלים
144246,ישיבת מעלות חיים,ירושלים
144261,ישיבת חיי משה,ירושלים
144329,תיכון מכבים רעות,מודיעין-מכבים-רעות
144337,אולפנת רעיה,בית אל
144360,ישיבת מאור אליהו,קרית יערים
144410,ישיבת ישמח משה,ירושלים
144428,ישיבת צביה מ.אדומים,מעלה אדומים
144501,תיכון הראל,מבשרת ציון
144568,נעורים,ירושלים
144592,קדמה ירושלים,ירושלים
144600,ישיבה שעלי תורה,בית שמש
144626,תבל גבעה צרפתית,ירושלים
144675,"ע""ש יצחק רבין עי""ס",מודיעין-מכבים-רעות
144683,עירוני א',מודיעין-מכבים-רעות
144691,ישיבת נעם,ירושלים
144717,"אולפנת בנ""ע אורות מודיעין",מודיעין-מכבים-רעות
144741,"ע""ש רא""ל מרדכי גור",מודיעין-מכבים-רעות
144758,"ישיבת בנ""ע פסגת זאב",ירושלים
144766,"ישיבת בנ""ע נר תמיד חשמונאים",חשמונאים
146878,בית הצייר,ירושלים
148056,תיכון בית צפאפא,ירושלים
148072,חליל אלסכאכיני לבנות,ירושלים
148080,מקיף אבו גוש,אבו גוש
148130,ישיבת נר שמואל,ירושלים
148148,מאמוניה,ירושלים
148155,תיכון שועפט,ירושלים
148163,ראשדיה,ירושלים
148197,מקיף בית חנינה,ירושלים
148247,מקיף שש שנתי אלטור לבנים,ירושלים
160127,משכן התורה,ירושלים
160242,מקיף קשת,ירושלים
160259,ליבי,ירושלים
160358,שערי תורה,ירושלים
160366,ישיבת באר יהודה,ירושלים
160374,אולפנת דולב,דולב
160416,רעות קהילה דתית,ירושלים
160432,ברנקו וייס מקיף בית שמש,בית שמש
160457,תיכון תורני עש אמתי,ירושלים
160523,ישיבת מיר לצעירים,ירושלים
160549,"אמי""ת איתן",מעלה אדומים
160556,מרכז ישיבות וכוללים,ירושלים
160580,"אולפנת בנ""ע ראש צורים",ראש צורים
160598,ארץ הצבי,ירושלים
160648,בית יעקב מרגלית,ירושלים
162057,אוהל ברכה,ירושלים
165472,ישיבת דעת תורה,ירושלים
165738,אור אליעזר,בית שמש
165852,"ישיבת בנ""ע לפיד מודיעין",מודיעין-מכבים-רעות
166538,אורה ושמחה,ירושלים
166769,בית יעקב כה תאמר,בית שמש
167262,ישיבת פאר השלום,ירושלים
168393,ישיבת פאר התלמוד,ירושלים
168419,אולפנת צביה יצירתית,ירושלים
170035,מקצועי בית יעקב,ירושלים
170043,תיכון דרור,ירושלים
170092,"קשת ראם ע""ש אליס סליגסברג",ירושלים
170175,עמל ליידי דיוייס ירושלים,ירושלים
170282,בית עולות,ירושלים
170407,"מרכז נוער טכ' אמי""ת",ירושלים
170456,"אמי""ת טכנולוגי דתי",ירושלים
170514,אורט פלך בנים ספניאן,ירושלים
170803,עמל תעופה וחלל,מעלה אדומים
171017,המכללה לטכנולוגיה,ירושלים
174391,חינוך ברמה לבנות,ירושלים
176487,עמל בנות ציון ירושלים,ירושלים
176909,סמינר לבנות ירים משה,ירושלים
178061,אל מוקבר תיכון לבנות,ירושלים
178079,על יסודי רב נתיבי,ירושלים
180018,אזורי מקיף עין כרם,"עין כרם-בי""ס חקלאי"
180034,"ישיבת אמי""ת נחשון",נחם
182931,ישמח משה,ירושלים
183269,ישיבת חסידי גור,בית שמש
184002,מורשת דליה חיי שרה,בית שמש
184093,ישיבת פורת יוסף,ירושלים
185157,"עי""ס אלחיה צור באהר",ירושלים
186908,אולפנא בני עקיבא נריה,טלמון
189001,אולפנת נחלה דרכא,אלעד
189076,סמינר בית יעקב,ירושלים
189084,סמינר בית יעקב,ירושלים
190066,מכון בית יעקב למורות,ירושלים
190108,אור אלחנן,מודיעין עילית
191031,יפתח,אבנת
193003,"חט""ב עיסוואיה בנות",ירושלים
193185,אולפנת שעלי תורה,בית שמש
195404,אל סלאם,ירושלים
197715,ישיבת פורת יוסף גאולה,ירושלים
197798,סמינר בית יעקב ב.שמש,בית שמש
198192,תיכון צור באהר,ירושלים
199109,"סמינר ב""י אפיקי דעה",ירושלים
199919,עמל עטרות מ.ירושלים,ירושלים
213033,אלקבץ,צפת
214007,אולפנת צביה עפולה,עפולה
214098,ישיבת אביר יעקב,נהריה
214601,הדמוקרטי כנף,אלי-עד
220434,גלעד,חמדיה
221945,אור אברהם טשכנוב,ירושלים
226670,ברנקו וייס אתגרי בית שמש,בית שמש
226688,בית יעקב בית בינה,ירושלים
226803,סמינר בית יעקב,בית שמש
227694,אורט שלומי,שלומי
228247,"ביה""ס עמלני נצרת",נצרת
230821,מרכז נוער טבריה,טבריה
234021,אולפנת צביה כוכב יעקב,כוכב יעקב
234047,ישיבת אמרי חיים ויז'ניץ,מודיעין עילית
234054,חדוות התלמוד,מודיעין עילית
237354,תיכון יחד,מודיעין-מכבים-רעות
238022,מפתן שפרעם,שפרעם
238048,מפתן תמרה,טמרה
238055,מפתן מג'אר,מגאר
238121,אולפנת נוגה,בית שמש
238485,"עי""ס אלאימאן בנות",ירושלים
238519,"עי""ס אלאימאן בנים",ירושלים
238527,ישיבת מאורות,בית שמש
239616,מורשת בית יעקב,ירושלים
239897,"ג'רוזלם סקול עי""ס",ירושלים
240010,אורט דנציגר קרית שמונה,קרית שמונה
240036,"מקיף דתי אמי""ת קנדי",עכו
240051,אורט מקיף דתי יהודה עפולה,עפולה
240077,אורט משה שרת נוף הגליל,נוף הגליל
240085,אורט אולפנת הראל נהריה,נהריה
240093,אולפנית לבנות,טבריה
240127,אורט אמירים,בית שאן
240176,ישיבת בני עקיבא תקות יעקב,שדה יעקב
240192,מקיף רוגוזין,מגדל העמק
240218,אורט ישיבתית המתמיד קרית שמונה,קרית שמונה
240234,"ישיבה תיכונית אמי""ת צפת",צפת
240267,עמל נופרים בגליל טבריה,טבריה
240424,ישיבת שפתי צדיק,חצור הגלילית
240440,אזורי ירדן,מעלה אפרים
240457,ישיבה תיכונית חיספין,חספין
240465,מקיף אורט מעלות,מעלות-תרשיחא
240481,אסיף משגב,עצמון שגב
240499,דרכא נופי גולן,קצרין
240531,בית יעקב באר מרים,חצור הגלילית
240572,מקיף ולדורף הרדוף,הרדוף
240580,תיכון חרדי לבנות בית יעקב עכו,עכו
240598,נוה חוה,כרמיאל
240614,עטרת מרדכי,טבריה
240622,ישיבת אלוני הבשן,אלוני הבשן
240630,רגבים בגולן,רמת מגשימים
240648,תיכון נר הצפון,מגדל העמק
240655,ברנקו וייס גולן,רמות
240697,מגדל אור,מגדל העמק
240721,סמינר בית יעקב צפת,צפת
240739,"בית לוי יצחק חב""ד",צפת
240747,ישיבת אור מאיר שמחה,נהריה
240770,מגן אבות,צפת
240788,תורת חסד בגליל,טבריה
240796,ברנקו וייס טבריה,טבריה
240804,ברנקו וייס קריית שמונה,קרית שמונה
240812,ישיבת הזורעים,הזורעים
240820,נירים,בוסתן הגליל
240838,"בית רבקה חב""ד",נוף הגליל
241026,בית יעקב אור רחל,כפר גדעון
241067,"דמוקרטי ע""ש נדב",מודיעין-מכבים-רעות
242073,יגאל אלון,נוף הגליל
242610,ישיבת נר ישראל,אלעד
244103,"אמי""ת תורני מדעי",כרמיאל
244111,אולפנת צביה מעלות,מעלות-תרשיחא
244152,אורט שחקים נהריה,נהריה
244210,במעלה טבריה,טבריה
244236,ישיבת קרן אורה,כרמיאל
244285,אורט פסגות,כרמיאל
244343,"מקיף סלמה - משגב ע""ש מחמוד חוסין סועאד",סלמה
244368,מקיף אורט כרמים,כרמיאל
244384,הישיבה אורט טבריה,טבריה
244418,ישיבת תורת מאיר,טבריה
244483,בית הספר אמירים כפר ורדים,כפר ורדים
244509,ישיבת טבריה,טבריה
244517,ישיבת תומכי תמימים,מגדל העמק
244566,ברנקו וייס מרום גליל,מירון
244574,אורט מגשימים,נהריה
244608,בנות תפארת,טבריה
244624,"אורט ישיבה ע""ש אביתר בית שאן",בית שאן
246983,מגדל אור בנות שלהבת,מגדל העמק
247015,טרה סנטה,עכו
247023,סנט גוזף אקליריקי,נצרת
247031,נזירות פרנציסקניות,נצרת
247049,תיכון בפטיסטי,נצרת
247056,נזירות סנט גוזף,נצרת
247064,טרה סנטה,נצרת
247072,גמנסיה הגליל הנוצרית,עיילבון
247080,נזירות המושיע,נצרת
247098,תיכון פה הזהב,ג'ש (גוש חלב)
247106,תיכון מר אליאס,אעבלין
247122,מקיף ביר אל-מכסור,ביר אל-מכסור
247130,מקיף א'עש שיךס.כניפס,שפרעם
247163,מקיף דיר חנא,דייר חנא
247205,הפטריאכלי הלטיני,ריינה
247213,אורט סאג'ור,סאג'ור
247221,"בי""ס מקיף השלום דנון",שייח' דנון
247239,מקיף אעבלין,אעבלין
247247,מקיף אלבוכארי,עראבה
247254,מקיף אלסלאם כאבול,כאבול
247288,תיכון משהד,משהד
247296,"רב תחומי ע""ש מאג'ד ביסאן",יאנוח-ג'ת
247312,מכללת גרנאטה לחינוך,כפר כנא
247320,עתיד אום אל פחם,אום אל-פחם
247346,טומשין כעביה טבאש חג'אג'רה,כעביה-טבאש-חג'אג'רה
247387,דרוזי למדעים ומנהיגות דרכא,ירכא
247817,תיכון מסעדה,מסעדה
247833,דרכא ג'וליס,ג'וליס
247858,עיוני מג'דל שמס,מג'דל שמס
247866,רב תחומי עמל אחווה,נאעורה
247882,תיכון שיבלי,שבלי - אום אל-גנם
248013,"מקיף ע""ש יני",כפר יאסיף
248021,תיכון הגליל,נצרת
248047,מקיף ראמה,ראמה
248062,מקיף תרשיחא,מעלות-תרשיחא
248070,עירוני מקיף שפרעם,שפרעם
248088,תיכון השאם אבו רומי,טמרה
248104,מקיף ב',מגאר
248112,תיכון אכסאל,אכסאל
248138,תיכון טורעאן,טורעאן
248179,"מקיף בית ג'ן חט""ב המנוח גאלב מ",בית ג'ן
248195,מקיף אבן אלהייתם,באקה אל-גרביה
248203,אלביאן טמרה,טמרה
248229,מקיף בוסתן אל מרג',ניין
248260,מכללת אלביאן,בענה
248278,בית ספר אלבשאאר,סח'נין
248302,תיכון דיר אל-אסד,דייר אל-אסד
248328,תיכון יפיע,יפיע
248336,עמל כסרא סמיע,כסרא-סמיע
248344,מקיף ג' א. נמר חוסין,שפרעם
248419,מקיף שש שנתי עתיד פקיעין,פקיעין (בוקייעה)
248427,מקיף ריינה,ריינה
248435,מקיף אל-בטוף,עוזייר
248443,מקיף אלרסאלה,נחף
248534,"מקיף ע""ש עפו פאעור",שעב
248559,אבו-סלים סלמאן אלשיך,אבו סנאן
248575,מקיף אבן ח'לדון,עראבה
248583,מקיף שאעור,מג'ד אל-כרום
248625,מקיף גדידה,ג'דיידה-מכר
248641,תיכון נחף,נחף
248666,רב תחומי עמל זרזיר,זרזיר
248674,בסמת טבעון,בסמת טבעון
248690,אל אוסקופיה,שפרעם
248724,המשיח האנגליקאני,נצרת
248740,תיכון אלכוארזמי,טמרה
248757,"חט""ע מכר-ג'דידה",ג'דיידה-מכר
248781,תיכון אורית,נצרת
248823,נוטרדאם,מעיליא
248831,על יסודי טכנולוגי,מג'ד אל-כרום
249037,תיכון כפר מנדא,כפר מנדא
249094,מקיף אלחכמה,כאבול
249110,מקיף בענה,בענה
249151,"חט""ב אכסאל",אכסאל
249193,מקיף שש - שנתי,חורפיש
249219,שש שנתי בוקעאתא,בוקעאתא
249235,מקיף בועינה נג'ידאת,בועיינה נוג'ידאת
249250,מקיף טובא זנגריה,טובא-זנגריה
249284,מקיף אלבטוף עראבה,עראבה
249300,רב תחומי עמל עילוט,עילוט
249318,תיכון סלמאן חטיב,ע'ג'ר
260059,"בית הספר העל יסודי שק""ד דרכא",שדה אליהו
260067,מקיף עינות הירדן,עמיר
260091,הרב תחומי עמק חרוד,עין חרוד (מאוחד)
260109,תיכון אזורי מגידו,עין השופט
260125,אופק,עברון
260133,בית החינוך גאון הירדן דרכא,נווה איתן
260182,מקיף עמקים-תבור,מזרע
260232,מקיף עמק החולה,כפר בלום
260240,"כברי חט""ע",כברי
260257,מקיף העמק המערבי,יפעת
260307,מקיף הר וגיא,דפנה
260331,מקיף סולם צור,גשר הזיו
260489,מקיף גליל מערבי,נווה זיו
260497,ברנקו וייס אופק מעלה אדומים,מעלה אדומים
261065,דרכא בית ירח,כנרת (קבוצה)
267724,ישיבת שער השמיים,טלמון
267971,בית יעקב נתיב,ירושלים
270025,רב תחומי עמל בגין צפת,צפת
270033,"כ""ג יורדי הסירה",עכו
270041,אורט מקיף אורן עפולה,עפולה
270140,קמפוס פרס חדשנות ומנהיגות,יקנעם עילית
270157,אורט פסגות תיכון דתי ישראלי,בית שאן
270223,הודיות,הודיות
270249,יד חרוצים,טבריה
270280,ישיבת בני עקיבא מירון,מירון
270298,אורט מדעים ואמנויות נהריה,נהריה
270470,"אורט מח""ט בית שאן",בית שאן
270538,מכללה אזורית ע.הירדן,דגניה א'
270801,בית חנה,צפת
271015,מכללת אורט בראודה,כרמיאל
277012,דון בוסקו,נצרת
277020,על יסודי משהד,משהד
278010,מדעים וטכנולוגיה נצרת,נצרת
278028,מקיף ערבי,עכו
278044,"טכנולוגי נעמ""ת שפרעם",שפרעם
278051,טכנולוגי נעמת ע.מאהל,עין מאהל
278176,"טכנולוגי נעמ""ת נחף",נחף
278184,מרכז חינוך טכנ' נעמת,נצרת
278234,טכלולוגי נעמת אלכרום,מג'ד אל-כרום
278275,"ב""ס טכנולוגי נעמת",טמרה
278283,תיכון אלביאן סח'נין,סח'נין
280016,נוה עמיאל,שדה יעקב
280032,כפר נוער ניר העמק,עפולה
280057,מקיף חקלאי נהלל,נהלל
280065,מקיף חקלאי כדורי,כדורי
280115,מקיף אנה פרנק,רביד
284026,סמינר בית חינוך,מודיעין עילית
284091,בית יעקב ביתר,ביתר עילית
284307,משכן חיים,ירושלים
288019,תיכון חק' טכ' עתיד ראמה,ראמה
288134,נהרדעא,גני תקווה
288159,ישיבת בניין אב,ירושלים
322040,מאור,טירת כרמל
325969,עופר,חיפה
328062,מפתן אם אלפחם,אום אל-פחם
330266,מפתן קרית ים,קרית ים
338038,"בי""ס לליקויי למידה",ירושלים
338129,בנות ובית יעקב,ביתר עילית
338160,אור מזל וברכה,ירושלים
338277,תורת זאב,בית שמש
338418,עתיד דביר בנים,בית שמש
338426,תיכון דמוקרטי קשת,זכרון יעקב
338541,תיכון גבעול,חדרה
338616,"שש שנתי אמי""ת בנות",מעלה אדומים
338657,"מקיף ""בית אלחכמה """,נצרת
338673,ישיבת אהל יעקב,אלעד
338715,מסאר,נצרת
338756,אור תורה,בית שמש
338772,מכללת אלרסאלה,שפרעם
339408,אדם חברה וטבע,כרמיאל
340018,מקיף ליאו בק,חיפה
340034,מקיף אורט קרית מוצקין,קרית מוצקין
340042,"מקיף דתי ע""ש לוינסון",קרית ים
340059,אורט גרינברג קריית טבעון,קרית טבעון
340091,התיכון המקיף נשר,נשר
340109,"אולפנת בנ""ע כפר פינס",כפר פינס
340117,"מקיף ע""ש רוגוזין",קרית אתא
340125,אולפנית שחם,קרית אתא
340133,מקיף עירוני ק. חיים,חיפה
340158,עירוני ג',חיפה
340166,עירוני ב' ישיבה,חיפה
340174,עירוני א',חיפה
340190,כל ישראל חברים,חיפה
340208,עירוני חוגים,חיפה
340216,הריאלי העברי חיפה,חיפה
340232,ישיבת בני עקיבא יבנה,חיפה
340240,"אולפת אמי""ת עירוני ו",חיפה
340281,תיכון חדרה,חדרה
340315,עירוני ה',חיפה
340331,תיכון בית יעקב,חיפה
340356,"ישיבת בנ""ע חדרה",חדרה
340380,"אולפנת בנ""ע סגולה",קרית מוצקין
340521,קרית המתיבתא,חדרה
340547,ישיבה לצעירים,זכרון יעקב
340554,מרכז חינוך לבנות,זכרון יעקב
340570,יחל ישראל,חיפה
340588,ישיבת כנסת חזקיהו,רכסים
340596,הדמוקרטי חדרה,חדרה
340604,גימנסיה כרמל אלנאג'אח,חיפה
340612,תיכון חיפה,חיפה
340653,גימנסיה חדרה,חדרה
340679,אוהל יהושע,חיפה
340695,תיכון לבנות בית יעקב,רכסים
340711,אור חדש - בנות,רכסים
340737,אולפנת צביה חיפה,חיפה
340778,אנקורי קרית ביאליק,קרית ביאליק
340802,ישיבת תומכי תמימים,חיפה
340810,אהלי שמואל,רכסים
342170,"אולפנית אמי""ת או""ע",אור עקיבא
342329,ישיבת אהבת תורה,מודיעין עילית
342337,תיכון אסקנדר,אום אל-פחם
342352,תיכון קטאין אלשומר,אום אל-פחם
342394,גיל אלמוסתקבל,ירושלים
343996,מסילת יעקב,ירושלים
344028,חטב עמלנית רגבים,חיפה
344044,חטב עמל' אבן גבירול,חיפה
344085,רמת הדסה,קרית טבעון
344101,מקיף מופת בסמת,חיפה
344119,ישיבת ברסלב,בני ברק
344127,ישיבת תורה ושלום,בני ברק
344150,בית חיה מושקא,חיפה
344200,"אולפ' בנ""ע מ. ברוך",חדרה
344226,ישיבת משכן יעקב,חיפה
344234,אורט רונסון הר הכרמל עוספיה,עספיא
344259,אולפנת חריש,חריש
344283,אורט שחר פרדס חנה,פרדס חנה-כרכור
344309,ישיבת חסידי גור,חיפה
344325,תיכון אתגרי העתיד,חריש
344341,ישיבת תהילת שלמה,חיפה
344382,תכון חדרה בית-אליעזר,חדרה
344416,"מקיף חדש ע""ש רבין",קרית ים
344440,ק חינוך אמית עתידים אור עקיבא,אור עקיבא
344465,אחוזת ילדים,חיפה
344473,מקיף שש שנתי,קרית אתא
344499,בית יעקב-בית יפה,חדרה
344531,ישיבה לצעירים,קרית אתא
344572,גמנסיה קריות,קרית מוצקין
344580,בית יעקב תהילה,חיפה
344598,נתיבות דרור,אור עקיבא
344911,אורט עירוני ד,מודיעין-מכבים-רעות
346023,תיכון מאיר - מודיעין עילית,מודיעין עילית
346031,ישיבת יחל ישראל,חיפה
346098,תורת משה,ירושלים
346445,קנין התורה,בית שמש
346494,תיכון יד ביד,ירושלים
346510,תורת אליהו,בית שמש
346635,פני יהושע,ירושלים
346932,צור ישראל,פסגות
347013,אורתודוקסי ערבי,חיפה
347021,נזירות נצרת,חיפה
347039,"ביה""ס האיטלקי",חיפה
347047,"חט""ב ב' - אלראזי",אום אל-פחם
347054,"תיכון דרכא ע""ש נוואף חלבי",דאלית אל-כרמל
347062,"חט""ב עין ג'ראר",אום אל-פחם
347070,עתיד אלאהליה,אום אל-פחם
347096,על יסודי אלחיה,"בסמ""ה"
347112,אבן סינא,באקה אל-גרביה
348011,תיכון אלנג'אח,באקה אל-גרביה
348037,מקיף אם אל פחם,אום אל-פחם
348102,אפאק,אום אל-פחם
348185,"ביה""ס גת המשולש",ג'ת
348193,תיכון כרמל,חיפה
348201,אלמנרה,ג'סר א-זרקא
348227,מקיף פרדיס,פוריידיס
348250,תיכון ח'דיג'ה,אום אל-פחם
348318,תיכון מעלה עירון,מעלה עירון
348326,אלאנדלוס,באקה אל-גרביה
348334,אלנג'אח טכנולוגי פרדיס,פוריידיס
348342,"עי""ס אלקאסמי",באקה אל-גרביה
348359,מקיף מושריפה,מעלה עירון
349928,ניסויי על איזורי תפן,כפר ורדים
353581,"אולפנא אמי""ת",צפת
353599,אהבת ישראל,בית שמש
353706,הרים,בנימינה-גבעת עדה
356212,תיכון זכרון יעקב,זכרון יעקב
358127,המגשימים,ירושלים
359059,סמינר חסידי ברסלב,ירושלים
360040,מקיף מבואות עירון,עין שמר
360123,מקיף גוונים,עין שמר
360149,מקיף אלוני יצחק,אלוני יצחק
360222,מקיף כרמל זבולון,יגור
360503,"סמט מ. חינוך ב""י",ירושלים
360529,עטרת שלמה אריה,ירושלים
360545,דעת משה,ירושלים
360552,תורת חסד,בית שמש
360560,לב אליהו,ירושלים
360578,ישיבת שלום בניך,ירושלים
360768,בית מלכה,יבנאל
360800,מקיף גבעת פרדיס,פוריידיס
360826,ישיבה לצעירים באיאן,ביתר עילית
360834,ישיבה לצעירים סלונים,ביתר עילית
361261,"ישיבת ת""ת מורשה",ירושלים
361451,תורת אהרון,בני ברק
361469,"ישיבת אור הרמ""ז",אשדוד
361543,ישיבת חמדת משה,מודיעין עילית
361550,נהורא דהורייתא,אלעד
361667,ישיבת פאר אהרון,קוממיות
361881,ישיבת פסגת יצחק,בית מאיר
362194,ישיבת נצח התורה,מודיעין עילית
362202,ישיבת תנא דבי אליהו,ירושלים
362210,מרכז חסידי ויז'ניץ,בני ברק
362236,אורחות חיים אברהם,אשדוד
362244,ישיבת אחינו לצעירים,מודיעין עילית
362475,ישיבת תהילת שלמה,בני ברק
362574,המרכז להכשרה,ירושלים
362582,בנות ויזניץ,בית שמש
362632,אהבת משה,ביתר עילית
362640,ישיבת דברי שלמה,מודיעין עילית
363879,ישיבת כנסת יצחק,מודיעין עילית
366864,אהלי חיים,ירושלים
366880,ברכת ישראל מאיר,ירושלים
366971,קדושת תורה,ירושלים
367748,תיכון פסגת אמיר,חריש
370023,תיכון יעדים לחינוך,כפר ביאליק
370049,בית הספר רעות לאמנויות,חיפה
370072,עמל חדרה למדעים ולאמנויות,חדרה
370122,בית הספר תיכון מקיף דרכא שיפמן,טירת כרמל
370155,"נווה יש""ר ימין אורד",ניר עציון
370254,בית הספר תיכון מקיף דרכא אריאל,טירת כרמל
370262,תיכון טכנולוגי האופק,אור עקיבא
370304,אולפנית אמונה אלישבע,פרדס חנה-כרכור
370312,קרית חנוך אורט,קרית ביאליק
370395,"עי""ס כרמים בנימינה גבעת עדה",בנימינה-גבעת עדה
370403,מלונאות ותיירות,חיפה
370486,תיכון טכנולוגי נעמת,חדרה
370494,"עי""ס למדעים מועאוויה","בסמ""ה"
370551,מעלה,ירושלים
370569,"אורט מח""ט פסגות נהריה",נהריה
370833,התיכון החברתי,קרית אתא
370882,ישיבת שיח תורה,מודיעין עילית
371112,תיכון מראח אלגוזלאן,יפיע
372243,מקיף כאוכב,כאוכב אבו אל-היג'א
372946,אל-אמל,משהד
372953,מעיינות בית רבקה,ביתר עילית
373167,תורת חיים,ירושלים
373183,סמינר כלל חסידי,ביתר עילית
373357,כנפי יונה,צפת
374199,"ע""ס טכנולוגי",ג'סר א-זרקא
374249,פלך זכרון יעקב,זכרון יעקב
378018,תיכון עש אחמד ע.יחיא,כפר קרע
378075,מקיף שיזף אלמותנבי,חיפה
378117,הפטריארכה הלטינית,ראמה
378125,אליתים אלערבי,ירושלים
380022,מקיף שפיה,מאיר שפיה
380030,אורט חקלאי פרדס-חנה,פרדס חנה-כרכור
380048,כפר הנוער הדתי,כפר הנוער הדתי
380055,כפר גלים,כפר גלים
384008,עתיד קרית מוצקין,קרית מוצקין
384016,עתיד אלנהדה כפר קרע,כפר קרע
384180,ממגד גבעות,רכסים
384198,באר מרים,חדרה
384230,אורט אל אשראק מקיף שש שנתי,עספיא
384305,"שבילים ע""ש בגין",פרדס חנה-כרכור
384370,"ישיבה תנכ""ית זכרון יעקב",זכרון יעקב
384461,"חט""ב עארה",ערערה
384545,"ישיבה תיכונית ממ""ד",חריש
410076,אורט אולפנת יבנה,יבנה
410225,"תיכון ע""ש אל""מ עודד ראור",קדימה-צורן
417204,אורט להנדסה ומדעים לוד,לוד
420018,על יסודי צור הדסה,צור הדסה
420026,ישיבת מערב שומרון,אלקנה
420042,אורט אלון עפולה,עפולה
420059,עגורים,מטולה
420109,יהודה הלוי,נתניה
420141,רימונים,עפולה
420190,מוסד יובלים,רמלה
420414,מיוחד צורים,הוד השרון
420489,"מקיף י""א",ראשון לציון
420554,מפתן טירה,טירה
420570,מקיף מערבי,בועיינה נוג'ידאת
421032,מיוחד לוטם,רחובות
421040,בית חולים שלוותה,הוד השרון
421081,ניצנים,גדרה
421115,שיקמים,ראשון לציון
430488,מפתן,כפר סבא
430678,מפתן ארזים,יבנה
431189,מרכז נוער ממלכתי,נתניה
431205,"מרכז נוער ממ""ד",נתניה
431254,בית חינוך טכנולוגי אמית רמלה,רמלה
440016,תיכון דה שליט,רחובות
440024,"תיכון ע""ש אוסטרובסקי",רעננה
440040,"חמ""ד אמית הלל",רחובות
440065,גמנסיה ראלית עש קררי,ראשון לציון
440073,"מקיף ממ""ד",ראשון לציון
440081,אולפנית ישורון,פתח תקווה
440099,תיכון ברנר,פתח תקווה
440107,שש שנתי אחד העם,פתח תקווה
440115,מקיף טשרניחובסקי,נתניה
440131,תיכון בית יעקב,נתניה
440149,תורני ואולפ' בר אילן,נתניה
440172,תיכון כצנלסון,כפר סבא
440180,מקיף הדסים,אבן יהודה
440198,"דרכא ע""ש מנחם בגין",גדרה
440206,תיכון דתי באר יעקב,באר יעקב
440214,בית רבקה,"כפר חב""ד"
440230,כתר תורה,יבנה
440248,בן-גוריון נס-ציונה,נס ציונה
440255,תיכון בית חנה,נתניה
440263,עיוני בית יעקב,פתח תקווה
440289,מקיף יהוד,יהוד-מונוסון
440297,ישיבת כפר גנים,פתח תקווה
440305,מכון ש.פ.י.,יהוד-מונוסון
440313,תיכון בית יעקב,רחובות
440321,"ישיבת בנ""ע כפר הרואה","כפר הרא""ה"
440339,ישיבת בני עקיבא נחלים,נחלים
440347,ישיבת בני עקיבא,נתניה
440354,"תיכון מח""ט קלנסואה",קלנסווה
440362,"ישיבת בנ""ע הדרום רחובות",רחובות
440370,"ישיבת בנ""ע רעננה",רעננה
440388,אולפנת בני עקיבא אמנה,כפר סבא
440446,רב תחומי עמל תלמים ירושלים,ירושלים
440479,אולפנא בני עקיבא צפירה,צפריה
440487,"ישיבת בנ""ע נווה הרצוג",ניר גלים
440495,כנפי רוח,ראש העין
440545,גמנסיה עתידים לילנטל,רמלה
440560,תיכון גבעת ושינגטון,בית רבן
440586,נווה דעת,פתח תקווה
440594,ברנקו וייס מודיעין,מודיעין-מכבים-רעות
440636,ישיבת ברכת תורה,ירושלים
440644,נזר התלמוד,ביתר עילית
440677,דרכי שרה,ירושלים
440727,ישיבת תומכי תמימים,לוד
440768,ישיבת דברי חיים,נתניה
440784,"ראס אלעמוד ע""ס לבנות",ירושלים
440800,ישיבת אור ישראל,פתח תקווה
440834,"אולפנא בהר""ן",גדרה
440875,עירוני ד' גן נחום,ראשון לציון
440883,אולפנא השומרון,אלקנה
440909,"אולפנת אמי""ת להבה",קדומים
440917,עירוני ה' מקיף,ראשון לציון
440925,"אורט יובלי אריאל בי""ס ומכללה",אריאל
440933,תיכון בית יעקב,עמנואל
440941,תיכון הראל,כפר סבא
440958,ישיבת בני עקיבא השומרון,קרני שומרון
440982,"מקיף ו ע""ש יגאל אלון",ראשון לציון
440990,אולפנאת זבולון,ראש העין
441006,תיכון הדרים,הוד השרון
441014,אולפנת צביה רחובות,רחובות
441022,שער אליעזר בנות,רחובות
441030,"תיכון ע""ש גלילי",כפר סבא
441055,ישיבת נחלת דוד,פתח תקווה
441063,ישיבת הבוכרים,"כפר חב""ד"
441089,"אזורי ע""ש הרצוג",בית חשמונאי
441097,"מקיף ע""ש אלדד",נתניה
441113,טרה סנטה,רמלה
441139,"תיכון ע""ש גולדה מאיר",פתח תקווה
441147,מקיף ז' רביבים,ראשון לציון
441196,עתיד למדעים לוד,לוד
441212,"חט""ב תיכון ריגלר",נתניה
441220,אל ארצי,אלון מורה
441238,"תיכון ע""ש יצחק רבין",כפר סבא
441279,"בית חינוך ע""ש רבין",תל מונד
441287,מקיף עירוני ח',ראשון לציון
441303,שש שנתי ידלין,ראשון לציון
441311,מקיף ט',ראשון לציון
441337,תיכון שוהם,שוהם
441345,ישיבת חכמת שלמה,רחובות
441378,תיכון דתי איתן חדש,רמלה
441386,ישיבת מאור מנחם,רחובות
441410,"תיכון ע""ש אילן רמון",הוד השרון
441436,תיכון אפיקים,פתח תקווה
441477,"תיכון טומשין ראשל""צ",ראשון לציון
441485,כנסת מאיר,ראשון לציון
441493,ישיבת תורת מנחם,נתניה
441568,קשת ברנקו וייס,מזכרת בתיה
441584,אולפנת צביה לוד,לוד
441592,ישיבת נהורא,מבוא חורון
441618,אור חנה,לוד
441634,ישיבת בני עקיבא גבעת שמואל,גבעת שמואל
441667,"חט""ב ממ""ד בנים המר",כפר סבא
441758,מקיף י' אבני החושן,ראשון לציון
441774,שירת משה,חמד
441808,תיכון אביב,רעננה
441816,תיכון בית יעקב בנות לאה,יבנה
441824,ישיבת צביה לוד,לוד
441832,ישיבת צביה פתח תקווה,פתח תקווה
441857,ישיבה לצעירים חיצים,איתמר
441865,עטרת הלויים,פתח תקווה
441899,בית רבקה,נתניה
441923,מעיין,פתח תקווה
441949,ברנקו וייס רמלה,רמלה
441956,נחלת שמואל,נתניה
441964,אמרי צבי,מודיעין עילית
441972,"דמוקרטי ע""ש יעקב חזן",כפר סבא
441980,אולפנת צביה רבבה,רבבה
442004,אנקורי פתח תקווה,פתח תקווה
442012,מישרים,מרכז אזורי שוהם
442020,"תכון ת""א שלוחת נתניה",נתניה
442061,אליעזר בן יהודה,נס ציונה
442079,"פלך ע""ש רות קורמן",קרית עקרון
442087,כנסת יחזקאל,אלעד
442095,ישיבת צמח צדיק ויז'נ,אלעד
442129,אור האמת,אלעד
442137,תיכון בית יעקב מאורות,ראשון לציון
442145,ישיבת פונוביץ,אשדוד
442152,אמרי מרדכי,אלעד
442186,בית מרגלית,נתניה
442202,מקדש מנחם,אלעד
442236,"דרכא רמון ע""ש אילן ואסף רמון",גדרה
442244,תיכון רננות,פתח תקווה
442251,מיתרים רעננה,רעננה
442277,"תיכון ע""ש נעמי שמר",גן יבנה
442293,קריית החינוך למדעים,רחובות
442301,תיכון במעלה אדר,פתח תקווה
442319,ישיבת צביה קטיף,יד בנימין
442335,ישיבת שער אליעזר,רחובות
442343,תיכון שובו פתח תקווה,פתח תקווה
442368,"ישיבת אמי""ת עמיחי",רחובות
442376,אמית מדעי תורני כפר בתיה,רעננה
442392,אולפנא ראשון לציון,ראשון לציון
442400,"מוסדות ישיבת פ""ת",פתח תקווה
442418,גימנסיה נתניה,נתניה
442426,"ישיבה תיכונית אמי""ת אלירז",פתח תקווה
442434,ראשית חכמה,אלעד
442517,סמינר בית מרגלית,אלעד
442533,ישיבה קטנה תורת חיים,יד בנימין
442657,עמל ירמיהו ירושלים,ירושלים
442681,ישיבת מלכות תורה,מודיעין עילית
442699,משמרת מאיר,ביתר עילית
442723,עתידך ירושלים,ירושלים
442749,תיכון לבנות בית יעקב,קרית אתא
442764,מ.תורני דחסידי באבוב,ירושלים
442772,דמוקרטי בלב השרון,אבן יהודה
442780,"אמי""ת בנות מודיעין",מודיעין-מכבים-רעות
442806,עתיד נווה נחום,באר יעקב
442822,ברנקו וייס עין נקובה,עין נקובא
442855,הרטמן בנות,ירושלים
442863,ישיבת פאר מרדכי,ירושלים
442889,מקיף שכונת אבו שהאב,שפרעם
442897,אורט אולפנית קרית שמונה,קרית שמונה
444026,קריית חינוך נתיבי נועם דרכא,גדרה
444034,נוה הדסה,תל יצחק
444067,אורט מדרשיית נועם כפר סבא,כפר סבא
444117,"תיכון ע""ש חיים הרצוג",כפר סבא
444232,משה ארנס,פתח תקווה
444257,תיכון המעיין מקיף יב,ראשון לציון
444364,"אמי""ת המר רחובות",רחובות
444471,ישיבה לצעירים,רחובות
444505,ישיבת כסא רחמים,בני ברק
444513,ישיבת בית חלקיה,בית חלקיה
444562,תיכון'מור'מטרו-ווסט,רעננה
444604,ישיבת תורת חסד,רחובות
444612,"תיכון דרכא ע""ש מקסים לוי",לוד
444620,אולפנה לבנות,גבעת שמואל
444646,ישיבת בני עקיבא ראשון לציון,ראשון לציון
444679,בית חינוך אמית רננים,רעננה
444687,אנקורי,ראשון לציון
444737,נחשון למדעים טכנולוגיה ואומנות,מרכז אזורי שוהם
444745,תיכון בגין,ראש העין
444786,ישיבת שערי ציון,בני ברק
444828,שש שנתי איש שלום,כפר יונה
444836,"קרית חינוך ע""ש רבין",גן יבנה
444844,אורט שלהבת ישיבה ואולפנה שוהם,שוהם
444935,"ברנקו וייס מקיף ע""ש רבין",מזכרת בתיה
444943,"עתיד מקיף ממ""ד יגאל אלון",יהוד-מונוסון
444950,עירוני מקיף שי עגנון,נתניה
448019,מקיף אלמג'ד,טייבה
448027,"עמל ע""ש אברהים קאסם טירה",טירה
448050,מדעים ותיכון עתיד גלגוליה,ג'לג'וליה
448076,תיכון מקיף קלנסווה,קלנסווה
448100,מקיף ערבי,רמלה
448134,מקיף עתיד אלנג'אח למדעים,טייבה
448142,תיכון אורתודוקסי,רמלה
448159,עתיד דאר אל חכמא,לוד
448167,"חט""ב אבן סינא",כפר קאסם
448233,תיכון מדעים קלנסואה,קלנסווה
448241,"עמל ע""ש ע. עתילי טירה",טירה
448266,על יסודי טכנולוגי,טירה
448290,"מח""ט תיכון טכנולוגי",כפר קאסם
448316,מקיף נהדת אלראזי עתיד גלגוליה,ג'לג'וליה
448332,סנט ג'ורג',לוד
450270,"אמי""ת בנים מודיעין",מודיעין-מכבים-רעות
453605,אמית בר אילן,נתניה
455162,ישיבת שבי חברון לצעירים,פני חבר
455188,ידידיה,פתח תקווה
455477,ואת עלית,בית שמש
456913,אורט למדע ואומנויות רמלה,רמלה
460006,תיכון רנסנס,ירושלים
460022,תיכון אקסלנס לבנות,ירושלים
460030,מקיף אזורי עמי אסף,בית ברל
460048,הסמינר הירושלמי ביתר,ביתר עילית
460063,מקיף מעין-שחר,עין החורש
460097,תיכון תורני דרך אבות,אפרת
460113,קבוצת יבנה,קבוצת יבנה
460121,אור יחזקאל מודיעין ע,מודיעין עילית
460147,ישיבת שפע חיים צאנז,ירושלים
460154,אולפנת צביה חפץ חיים,חפץ חיים
460162,רנה של תורה,כרמיאל
460246,פניני חן,בית שמש
460253,"מח""ט ע""ש אבן רושד",טמרה
460360,ברכת אברהם פתח תקווה,פתח תקווה
460386,ישיבת קרלין סטולין,מודיעין עילית
460410,בני חיל שומרון,קדומים
460428,אולפנת שעלבים,שעלבים
460436,תיכון רמון,ירושלים
460451,ישיבת נחלת יוסף,ירושלים
460469,מעלות שרה,מודיעין עילית
460477,"בי""ס אלפגר אלגדיד עי""ס",ירושלים
460519,ישיבה לצעירים בעלז,קרית יערים
460543,אור שערים,מודיעין עילית
460550,אג'יאל אלקודס,ירושלים
460576,עתיד מ.חנוך טכנולוגי,לוד
460584,תיכון צור באהר לבנות,ירושלים
460626,הפטריארכט הלטינית,יפיע
460642,"מח""ט ברנקו וייס ערבי",רמלה
460667,אולפנת אהבת ישראל,בית שמש
460691,ישיבה תיכונית,מעלות-תרשיחא
460709,ישיבה חיי תורה,ירושלים
460717,נצח ישראל,בית שמש
460733,תיכון ויזניץ אלעד,אלעד
460741,תורת חסד,אלעד
461855,בנות אלישיב,ירושלים
462200,תיכון שקד,אורנים
462218,אלכרמה,חיפה
462929,תיכון נווה חיה,נתיבות
470013,אורט ארץ יהודה זוהרים,כפר זוהרים
470021,טכנולוגי עירוני ויצו,רחובות
470047,רב תחומי עמל יגאל אלון רמלה,רמלה
470054,אורט מקס שיין רחובות,רחובות
470070,"רב תחומי עמל א' פ""ת",פתח תקווה
470088,"אולפנת בנ""ע רעות",פתח תקווה
470096,אורט יד-ליבוביץ נתניה,נתניה
470112,אורט שפירא אזורי למנהיגות,כפר סבא
470120,אורט הקריה למנהיגות ולמדעים,לוד
470138,"מקיף ע""ש מוסינזון",הוד השרון
470146,הדסה נעורים,נעורים
470187,תיכון תמר אריאל,נתניה
470211,"תו""ם חרב לאת",חרב לאת
470302,ק.תורנית טכ בית שלמה,רחובות
470377,אורט יבנה נריה,יבנה
470443,רמות ים,מכמורת
470526,תיכון טכנולוגי השרון,הוד השרון
470534,ברנקו וייס פתח תקווה,פתח תקווה
470542,תיכון טכנולוגי נעמת,ראשון לציון
470583,שלהבת,פתח תקווה
470591,"רב תחומי עמל ב' פ""ת",פתח תקווה
470625,מקיף חוף השרון,שפיים
470641,תיכון טכנולוגי עתיד שלנו לוד,לוד
470963,"קרית חינוך ע""ש גינסבורג",יבנה
471011,אורט גוטמן נתניה,נתניה
471029,מכללת אורט הרמלין להנדסה,נתניה
471037,אורט התעשיה האווירית,לוד
471045,אורט תל נוף חיל האוויר,מחנה תל נוף
471995,חכמי לב,ירושלים
472332,"בי""ס נזירות סליזיאן",נצרת
472555,"אמי""ת מנורת המאור פ""ת",פתח תקווה
473017,אולפנת צביה טהר,יד בנימין
474460,רון ארד,רחובות
475871,רועי קריב מרכז להורא,תל אביב - יפו
476325,"בי""ס בינלאומי למזרח ים תיכון",רמת השרון
476796,אליה,ביתר עילית
476903,אורט מתיבתא בית שמש,בית שמש
477091,ישיבת בית אשר,ירושלים
477166,"מקיף אלמג'ד ע""ש השיח",שגב-שלום
477901,מקיף בית חנינה לבנות,ירושלים
478016,רב תחומי עמל טייבה,טייבה
478768,תורת אמך,בית שמש
478784,בדרך אימותינו,ביתר עילית
478875,סמינר לפידות,ירושלים
480004,בנימין רוטמן- שבילי העמק,גן יאשיה
480012,"אמי""ת כפר בתיה",פתח תקווה
480020,"אמי""ת פתח-תקוה",פתח תקווה
480038,גן ונוף,פתח תקווה
480046,קרית חינוך בן גוריון,מדרשת רופין
480061,חקלאי עיינות,עיינות
480087,חקלאי נחלת יהודה,ראשון לציון
480095,תיכון איתן,סתריה
480129,בן-יקיר,"כפר הרא""ה"
480145,כפר הנוער בן שמן,בן שמן (כפר נוער)
480178,"מקיף ע""ש ז'בוטינסקי",באר יעקב
480194,"מקיף י""ג ע""ש יצחק נבון",ראשון לציון
482059,אורט אורנית,אורנית
482125,שש שנתי שיבולים,נס ציונה
482166,אולפנא צביה הר ברכה,ברכה
482257,שש-שנתי תיכון גבעת שמואל,גבעת שמואל
482265,הישיבה התיכונית ברוכין,ברוכין
482307,"תיכון חב""ד בנות",רחובות
482414,חיים גורי,נתניה
482430,עלי זהב,עלי זהב
482489,"ממ""ד עמנואל",לוד
482505,העוגן לב השרון,צור משה
482513,נפלאות,כפר יונה
482620,שש שנתי יצחק נבון,יבנה
482653,אולפנת השומרון,אלקנה
482778,דרכא רות,גדרה
482810,עתיד חנה סנש,באר יעקב
482844,ישיבת צביה הר ברכה,ברכה
482950,ישיבת מערב השומרון,אלקנה
482968,בית הספר דרכא למדעים ולמנהיגות,כפר קאסם
482984,איבדאע,זמר
484006,תיכון חורב רעננה,רעננה
484246,שחר,רחובות
490037,עירוני משה שרת,נתניה
490052,"עירוני ע""ש בן גוריון",פתח תקווה
499590,באר החיים,מודיעין עילית
499624,אורט מרכז חינוך טכנולוגי עכו,עכו
499681,"תיכון ע""ש גולדה",נס ציונה
499699,תיכון דמוקרטי ק.אונו,קרית אונו
499772,מוהרן,בני ברק
499806,נחלת ישראל,מגדל העמק
499814,תפארת ברוך,ירושלים
499848,תפארת חיה,קרית גת
499863,קול יעקב,נתיבות
499939,לומדי אברהם,ביתר עילית
499988,ישיבת ברסלב לצעירים-,מודיעין עילית
508093,ברנקו וייס אור יהודה,אור יהודה
508101,אור מנחם,אור יהודה
508275,תבונה ודעת,קרית גת
508424,אולפנת הללי לאומנויות,בית רבן
512491,בנימין רוטמן כדורי,כדורי
515502,"תיכונ""ט ע""ש אלתרמן",תל אביב - יפו
519090,"מח""ט המכללה הטכנולוגית אלאסרא",ערערה-בנגב
519108,"מח""ט עמל רמלה",רמלה
519116,חדש רחובות,רחובות
519124,"תיכון דרכא מח""ט",דימונה
519223,זיו אור,כפר חיטים
519314,"מח""ט עמל רהט",רהט
519363,עתיד ירכא,ירכא
519405,ישיבת דרכי דוד,בני ברק
519579,ישיבה לצעירים מאור י,רכסים
519595,ישיבת מאורות התורה,אשדוד
519603,ישיבת ארחות משה,בית שמש
519637,ישיבת קול יעקב לצעיר,ביתר עילית
519660,ישיבה לצעירים ק. שמו,חיפה
519736,עטרת יוסף שלום,מודיעין עילית
519900,ישיבת סקווירא,ירושלים
519918,תפארת דוד,בית שמש
519926,היכל משה,בית שמש
519959,ישיבת עטרת מתתיהו,נתניה
520056,אופק,הרצליה
520098,"ממ""ד לבנים",הרצליה
520205,ברושים,תל אביב - יפו
520288,עירוני נווה צדק,תל אביב - יפו
520585,שחף,בת ים
520619,יעד עמלני,בת ים
520676,"תיכון באר עמ""י",באר טוביה
520890,גיל,תל אביב - יפו
521112,בני יששכר,חדרה
521203,מעוף,פתח תקווה
521476,"אולפנת בנ""ע שירת הים",נוה צוף
521898,המרכז לעיצוב ולטכנול,אריאל
522235,נחלת ירושלים,ירושלים
522367,אלאהליה אלשאמלה קלנס,קלנסווה
522482,אלמג'ד,ירושלים
524157,זיו אור רמלה,רמלה
525923,תיכונית רעים,חולון
530683,מפתן הרצליה,הרצליה
533208,"עירוני כ""ח- רוז מצקין",תל אביב - יפו
540021,תיכון תלמה ילין,גבעתיים
540039,עירוני ראשית בנות,תל אביב - יפו
540047,משכנות אברהם,רמת גן
540062,גמנסיה עברית הרצליה,תל אביב - יפו
540070,"תיכון חדש ע""ש רבין",תל אביב - יפו
540088,עירוני י' אליאנס,תל אביב - יפו
540112,עירוני א' לאמנויות,תל אביב - יפו
540120,עירוני תורני ב' ג',תל אביב - יפו
540146,עירוני ד',תל אביב - יפו
540153,עירוני ה',תל אביב - יפו
540161,עירוני ו' מקיף,תל אביב - יפו
540179,קרית חינוך יפו,תל אביב - יפו
540187,תיכון ראשית עירוני ח,תל אביב - יפו
540195,עירוני ט',תל אביב - יפו
540203,תיכון אהל שם,רמת גן
540211,"עירוני ע""ש בליך",רמת גן
540237,תיכון בית יעקב,רמת גן
540252,"אולפנת הרא""ה תורני מדעי",רמת גן
540278,מקור ברוך,בני ברק
540286,תיכון עש יצחק בן צבי,קרית אונו
540294,עירוני עש פנחס אילון,חולון
540302,"חמ""ד תיכון יבנה אולפנת חולון",חולון
540310,מקיף שש שנתי קוגל,חולון
540328,עירוני כללי הראשונים,הרצליה
540344,"תיכון ע""ש קלעי",גבעתיים
540351,עירוני א' חשמונאים,בת ים
540369,בית ספר בית וגן דרכא,בת ים
540377,עירוני כללי,בני ברק
540385,אולפנת צביה בני ברק,בני ברק
540393,מוסדות חנוך אור חיים,בני ברק
540401,סמינר וולף,בני ברק
540443,גמנסיה מודיעים,רמת גן
540450,הייטק היי,חולון
540468,מקיף חדש,ריינה
540476,ישיבת הרב עמיאל,תל אביב - יפו
540484,ישיבה תכונית בר אילן,תל אביב - יפו
540492,עירוני מקיף רמות,בת ים
540500,"ע""ש יצחק נבון מודיעין",מודיעין-מכבים-רעות
540526,ישיבת בית מדרש עליון,בני ברק
540534,"תיכון איתן ע""ש רפאל איתן",רמת גן
540542,אולפנית הדר גנים,פתח תקווה
540567,ראס אל עמוד לבנים,ירושלים
540591,תיכון שמעון בן צבי,גבעתיים
540609,ישיבת סלבודקה,בני ברק
540674,"ישיבת ב""ע אדרת",בת ים
540708,באר אברהם,אלעד
540807,אנקורי,תל אביב - יפו
540849,"ישיבה תיכונית בנ""ע קרית הרצוג",בני ברק
540856,תיכון בית יעקב וזניץ,בני ברק
540864,מקיף שש שנתי הרצוג,חולון
540898,"אולפנית בנ""ע תל אביב",תל אביב - יפו
540930,תיכון חסידי בית יעקב,בני ברק
540963,ישיבת אמרי אמת,בני ברק
540971,ישיבת בית ישראל,בני ברק
540989,מוסדות חסידי בעלזא,בני ברק
541045,"מקיף ע""ש יגאל אלון",רמת השרון
541052,ישיבת קרלין סטולין,בני ברק
541060,תיכון בית מלכה,בני ברק
541086,ישיבת בית מאיר,בני ברק
541094,נזר שראל,ראשון לציון
541102,ישיבת אור גאון,בני ברק
541110,מקיף שש שנתי ק. שרת,חולון
541128,מרכז מוסדות נדבורנה,בני ברק
541144,קנייני התורה,בני ברק
541151,ישיבת ויזניץ,בני ברק
541169,מקיף היובל,הרצליה
541177,ישיבת מגן הילד,בני ברק
541185,ישיבת תפארת משה,בני ברק
541201,ישיבת חזון נחום,בני ברק
541219,ישיבת מאור ישראל,בני ברק
541235,בית יעקב חסידי,בני ברק
541243,ישיבת ברכת אפרים,בני ברק
541268,תיכון אלון,רמת גן
541284,ישיבת גאון צבי,בני ברק
541334,ישיבת תפארת-מרדכי,בני ברק
541367,מקיף לאורו נלך,בני ברק
541391,ישיבת זכרון דוד,בני ברק
541409,חכמת שלמה,בני ברק
541441,ישיבה קטנה למצויינים,בני ברק
541458,ישיבת כנסת יששכר,בני ברק
541466,שירת חנה,תל אביב - יפו
541474,סמינר הרב מאיר,בני ברק
541482,סמינר אלקיים,בני ברק
541490,סמינר תהילה,בני ברק
541508,סמינר כהנא,בני ברק
541532,תיכון טומשין חולון,חולון
541565,ישיבת בית מנחם,בני ברק
541581,הפתוח הדמוקרטי,תל אביב - יפו
541599,שיח יצחק,בני ברק
541631,ישיבת חסידי דאראג,בני ברק
541656,אור חנה,אור יהודה
541672,ישיבה לצעירים,בני ברק
541680,אורט עטרת רחל,בני ברק
541722,ישיבת משכן התורה,בני ברק
541748,ישיבת אורחות תורה,בני ברק
541771,אור אברהם,בני ברק
541789,אהל חנה,קרית אונו
541805,מרום,רמת השרון
541839,שער שמעון,תל אביב - יפו
541847,ישיבת חזון נחום,בני ברק
541854,ישיבת חזון נחום,בני ברק
541862,אמונה אולפנית טכנולוגית,בני ברק
541896,ישיבת פוניבז',בני ברק
541912,מוסדות תורה ושלום,בני ברק
541920,"תיכון ב""י בית דוד",חולון
541979,תיכון יעדים,אור יהודה
541987,ישיבת חכמי לובלין,בני ברק
542027,תיכון בית יעקב,אור יהודה
542035,"מוזות-בי""ס תיכון לאומניות",תל אביב - יפו
542050,חכמת שלמה דבאבוב,בני ברק
542076,תיכון ז'קלין כהנוב,בת ים
542084,ישיבת דברי מרדכי,בני ברק
542092,ריימונד לאוואן,חולון
544056,"ממ""ד לטכנולוגיה ולאומנויות",תל אביב - יפו
544189,ישיבת נתיבות חיים,בני ברק
544197,ישיבת משך חוכמה,בני ברק
544205,ישיבת זכרון סיני,בני ברק
544239,ישיבת אלכסנדר,בני ברק
544247,ישיבת בית יוסף,בני ברק
544270,ישיבת בית שפירא,בני ברק
544312,אולפנת צביה הרצליה,הרצליה
544346,ישיבת דרכי משה-אברהם,בני ברק
544353,מקיף אפרים קציר,חולון
544361,ישיבת אבשלום,בני ברק
544379,ישיבת תפארת ציון,בני ברק
544387,ישיבת פאר משה,פתח תקווה
544395,עתיד רזיאל,הרצליה
544478,נתיבות רבקה,בת ים
544494,ישיבה תיכונית בנים,רמת גן
544528,"מקיף ע""ש יצחק נבון",חולון
544593,"עתידים ע""ש מ. אלישיב",חולון
544668,אולפנת צביה בת ים,בת ים
544692,"ק.חינוך בנ""ע חולון",חולון
547042,תיכון טרה סנטה יפו,תל אביב - יפו
548016,עירוני יב',תל אביב - יפו
548032,מרכז חינוך יפו,תל אביב - יפו
548040,תיכון סנט מיכאל,תל אביב - יפו
548404,אג'יאל,תל אביב - יפו
550004,רגבים בנגב,בני נצרים
560045,בית יעקב החדש,בני ברק
560094,תיכון תל אביב,תל אביב - יפו
560110,קהילה,תל אביב - יפו
560136,זומר,רמת גן
560219,סמינר גור בית שמש,בית שמש
560268,סמינר ב.יעקב תל ציון,תל ציון
560300,בית יעקב דרכי רחל,ביתר עילית
560326,ישיבת כנסת שלמה,ירושלים
560342,סמינר תורני בית יעקב,בני ברק
560359,סמינר ב.יעקב אור שרה,בית שמש
560433,שערי תלמוד,ביתר עילית
560441,חדוות התורה-ישיבת אמ,ירושלים
560482,תיכון אלמעאלי,כפר כנא
560508,אולפנת אוריה,אלון שבות
560516,אולפנת צביה תאיר בית אל,בית שמש
560524,ישיבת דרך אמונה,תירוש
560532,לדעת חכמה,אלעד
560557,ישיבת כנסת מרדכי,מודיעין עילית
560573,בית עזריה,בני ברק
560581,סמינר חסידי ירושלים,ירושלים
560607,ישיבת חמד,בני ברק
560664,מוסדות שפע חיים צאנז,בני ברק
560680,אורות התלמוד,ביתר עילית
560706,ישיבת תורת שלמה י-ם,ירושלים
560722,על יסודי רב נתיבי,ירושלים
566943,דרכים,חולון
570036,"עמל ליידי דייויס ת""א",תל אביב - יפו
570044,רב תחומי עמל הולץ חיל האויר,תל אביב - יפו
570051,"הייטק אומנות ע""ש שמעון פרס",תל אביב - יפו
570069,"מח""ט יא",תל אביב - יפו
570077,אורט סינגאלובסקי תל אביב,תל אביב - יפו
570085,בית חינוך קהילתי גאולה,תל אביב - יפו
570135,"אורט ע""ש אבין",רמת גן
570168,מקיף אורט למדע וטכנולוגיה,חולון
570176,אורט נווה שרה הרצוג בני ברק,בני ברק
570192,התיכון העירוני החדש,הרצליה
570200,אורט קרייזמן גבעתיים,גבעתיים
570259,יובלים,אור יהודה
570358,הנדסאים הרצליה,הרצליה
570580,ישיבת אור משה,תל אביב - יפו
570606,בית יעקב,תל אביב - יפו
570705,"עירוני כ""ג בית חינוך יפו",תל אביב - יפו
570713,אורט מלטון,בת ים
570945,תיכון טכנולוגי נעמת,חולון
571109,"אמי""ת גוש דן",רמת גן
571125,"מרכז נער ע""ש טננבאום",הרצליה
571141,מיתרים,חולון
571158,בית ספר המר דרכא,בת ים
571174,אורט רמת יוסף בת ים,בת ים
571224,בית הספר תיכון חדש דרכא,בת ים
571281,מכללת אורט סיגלובסקי,תל אביב - יפו
573105,"יאפא אלמוסתקבל ל""ג",תל אביב - יפו
575001,מכללה טכנולוגית שפרעם,שפרעם
579490,"כפר הנוער אמי""ת",פתח תקווה
580001,שש שנתי רמון,פתח תקווה
580019,חקלאי הכפר הירוק,רמת השרון
580027,מקוה ישראל דתי,מקווה ישראל
580035,מקוה ישראל כללי,מקווה ישראל
581215,שחקים,חולון
581223,בר אילן,פתח תקווה
581231,אולפנא הר חברון,שמעה
581314,"עירוני ל""ד יצחק שמיר",תל אביב - יפו
581322,"עירוני ל""ז צמרות",תל אביב - יפו
581389,שחפים,נתניה
581405,"ע""ש רמון",אור יהודה
581439,"עירוני כ""ד- עמוס עוז",תל אביב - יפו
581538,מרחב,תל אביב - יפו
581678,חדש תקשורתי,תל אביב - יפו
582007,פלך,תל אביב - יפו
585851,"מח""ט אורט מרום עכו",עכו
590349,"ישיבת חידושי הרי""מ",תל אביב - יפו
590414,אולפנת אורות,נתניה
610006,אורט אלמותנבי כסייפה,כסיפה
610170,ישיבה תיכונית אילת,אילת
611475,תיכון כפר אדומים,כפר אדומים
611483,"מח""ט עמל מקס פיין",תל אביב - יפו
614321,בית ספר על יסודי דרכא אחווה,דימונה
615344,שירת ברכה,שדרות
615351,שפתי רננות,נתיבות
615369,ישיבה לצעירים שומריה,שומריה
615948,ישיבת מקור חיים,ירושלים
620005,"מקיף יא' ע""ש יצחק נבון",אשדוד
620229,תפנית,בית שמש
620336,גשר,באר שבע
620419,אורים,באר שבע
620476,לב הבוסתן,ירושלים
620484,אלומות,ירושלים
623850,כרם גפנים,כרמיאל
627034,"בי""ס לח. מיוחד אלאמל",רהט
630095,מרכז נוער,אשקלון
630160,מרכז נוער דתי,באר שבע
630640,תיכון אנתרופוסופי,הוד השרון
630764,"מרכז נוער ע""ש משה קו",אשדוד
631309,אדם ואדמה גולן,אורטל
631424,דרכי שמואל,בית שמש
631440,מורשת שמחה,ביתר עילית
631523,ישיבת פוניבז',בני ברק
631556,משאת מלך,אלעד
631739,ישיבה קטנה גור החדשה,קרית גת
632034,מעלות רבקה,מעלות-תרשיחא
632216,משנתו שלמה,ביתר עילית
632281,אבן שלמה,רכסים
633198,שבילי בינה,בית שמש
633255,אורחות חיים החדשה,בני ברק
633263,ישיבת פני מנחם,ירושלים
633305,"עבדאללה בנות מח""ט",ירושלים
633370,ישיבה גדולה וכולל פנ,ירושלים
633388,ישיבת היכל שמואל,בני ברק
633602,ים התורה,ירושלים
633685,"עמל מח""ט זרזיר",זרזיר
633776,בנין אב בית אהרון,אופקים
634113,מפתן בית חגי,חגי
634253,מרכז תורני רעננה,רעננה
634261,אדם ואדמה ניצנים,כפר סילבר
634881,תלמוד תורה ויזניץ קר,בני ברק
635391,"מח""ט כפר-קרע",כפר קרע
636019,אדם ואדמה תבור,כדורי
637470,המדרשיה ישמח משה,באר שבע
640003,ישיבה תיכונית חדשה,אשדוד
640029,"ק. ח. ע""ש זאב בוים",קרית גת
640037,עירוני א' מקיף,באר שבע
640045,"אולפנת אמי""ת",באר שבע
640052,מקיף עירוני גולדווטר,אילת
640060,אורט הנרי רונסון אשקלון,אשקלון
640078,מקיף דתי עירוני ב',אשקלון
640086,בית ספר על יסודי דרכא ליהמן,דימונה
640102,"שבילי אית""ם",אופקים
640110,שלהבת הדרום,דימונה
640128,מקיף א כללי,אשדוד
640136,"מקיף דתי ע""ש רוגוזין",אשדוד
640151,"יב""ע בית יהודה",כפר מימון
640169,דרכי משה,אשדוד
640177,ישיבת בני עקיבא,באר שבע
640185,ישיבת אור עציון,מרכז שפירא
640193,עירוני ג' מקיף,באר שבע
640227,אורט צימטבאום ערד,ערד
640235,אורט מקיף דתי גרוס,קרית גת
640243,"תיכון חמ""ד דרכא אפלמן",דימונה
640250,תיכון אל סייד,אל סייד
640276,עמל עהד חורה למצוינות,חורה
640318,"מקיף ע""ש גוטוירט",שדרות
640359,"אולפנת בנ""ע חן במדבר",באר שבע
640367,תיכון בית חיה ורבקה,באר שבע
640375,ישיבת עתניאל לצעירים,עתניאל
640383,אורט אולפנה קרית גת,קרית גת
640391,אולפנת חלוצה,נווה
640409,תיכון נתיבי רחל,קרית גת
640425,ישיבה תיכונית דרכא נתיבות,נתיבות
640441,עומר משגב,עצמון שגב
640466,אורט אולפנה בית שאן,בית שאן
640474,אולפנה מדעים ואמנויות,אשדוד
640482,מקיף ד',אשדוד
640490,"השלום ע""ש יצחק רבין",מצפה רמון
640508,"אולפנת בנ""ע ערד",ערד
640532,אולפנת אבן שמואל,אבן שמואל
640565,קציר משגב,עצמון שגב
640581,"אולפנא ע""ש הרב שאולי",אשדוד
640607,עתיד אלפורעה,ערד
640623,ישיבת בית דוד,קרית גת
640631,מקיף דתי חבד בית חנה,קרית מלאכי
640649,אולפנת נוה דקלים,ניצן
640656,אורט שלאון קרית גת,קרית גת
640664,בית יעקב נווה יוכבד,אופקים
640672,מקיף ה' כללי,אשדוד
640698,בית ישראל אשדוד,אשדוד
640714,ישיבת יוסף לקח,אופקים
640722,ישיבת צמח צדיק,אשדוד
640730,תיכון בית יעקב,ערד
640748,"ת""ת מורשה",אשדוד
640755,בית יעקב חסידי,אשדוד
640771,סמינר בית יעקב החדש,באר שבע
640797,"מקיף ""אבן רושד""",רהט
640821,נאות שמחה,אשדוד
640896,תיכון בית יעקב אשקלון,אשקלון
640904,"תיכון ב""י תפארת שרה",נתיבות
640938,מעיין חיים ושלום,אשקלון
640953,בית מלכה,אשדוד
640987,סמינר בית יעקב החדש,אשדוד
640995,ישיבת תורה אור אשדוד,אשדוד
641001,מחט עמל אופקים,אופקים
641019,ישיבת מרכז תורה אור,באר שבע
641050,אג'יאל,ערערה-בנגב
641084,עתיד אור מרגלית,באר שבע
641092,"בי""ס חכמת רחמים",ברכיה
641118,ברנקו וייס באר שבע,באר שבע
641142,גימנסיה באר שבע,באר שבע
641159,תפארת יורם מיכאל,נתיבות
641183,ישיבת צביה אשקלון,אשקלון
641191,תיכון בית יעקב תהילות,אופקים
641217,עטרת מאיר,אשדוד
641225,ישיבת דובר שלום,אשדוד
641233,יש' תיכונית בלבב שלם,ירוחם
641258,תיכון בנות אור חיה,אשקלון
641282,נטעי אורה,אלעד
641290,סמינר לבנות ויזניץ,אשדוד
641316,תיכון ישיבתי נרייה,בית הגדי
641324,מדרשת קמה,ירוחם
641332,ישיבת צביה דימונה,דימונה
641357,ישיבה לצעירים אשדוד,אשדוד
641365,ישיבה תיכונית נווה,נווה
641373,מוסדות שער התורה אשדוד,אשדוד
641381,בת מלך,בית הגדי
641399,אורט קרית גת ישיבה תיכונית,קרית גת
641407,אלמתנבי,ירושלים
641415,רוואד אלקודס,ירושלים
641431,בנימין רוטמן אשל הנשיא,אשל הנשיא
641456,משלב דרור,צור הדסה
641464,אבדאע לאומניות.,ירושלים
641480,"אולפנת בנ""ע שילה",שילה
641498,"ישיבה תיכונית בנ""ע עלי",עלי
641514,מקיף ו דרכא,אשקלון
641522,על יסודי אדם,ירושלים
641548,אולפנת בני עקיבא לכי,בני דקלים
641563,שירת הכהן,ירושלים
641597,אל מנאר,רהט
641621,מקיף מדעים,אשקלון
641647,עמק חפר משותף,מדרשת רופין
641654,אלסדיק,כסיפה
641662,תבל תיכון רמות,ירושלים
641670,"גורן ע""ש רחמים מלמד",ירושלים
641969,בית חיה מושקא,מגדל העמק
642108,"סמינר בנות חנה- חב""ד",בני ברק
642223,אלעולא,ירושלים
642231,כפר עקב בנות,ירושלים
642298,"מח""ט בית חנינה בנים",ירושלים
642660,סמינר בנות רחל,בית שמש
642835,פתחיה - פסגות,ביתר עילית
643387,תורת אליהו,רחובות
643569,כרם חיה מושקא,צפת
643577,אורט אלהלאלל נווה מדבר,אבו תלול
643593,בנות בית יעקב,ירושלים
643692,עידן התורה,ירושלים
644062,בית ספר על יסודי דרכא זינמן,דימונה
644203,מקיף אלנור,חורה
644211,דקלים,באר שבע
644237,ישיבה לצעירים גור,ערד
644252,ישיבת צדקת יוסף,אשדוד
644260,קרית חינוך אשדוד,אשדוד
644294,אורט מקיף א' אשקלון,אשקלון
644310,מקיף ו',אשדוד
644344,"תיכון חדש ע""ש רבין",קרית גת
644369,ישיבת בית מרדכי,אשדוד
644377,מקיף ז',אשדוד
644393,"מקיף ע""ש זילברמן",באר שבע
644435,ישיבה תיכונית,מצפה רמון
644443,אולפנת צביה אשקלון,אשקלון
644450,מקיף ה דרכא,אשקלון
644484,מקיף ח',אשדוד
644492,"מקיף ע""ש מנחם בגין",אילת
644526,"מקיף ע""ש יצחק רבין",באר שבע
644534,יצחק רגר,באר שבע
644542,"דרכא ע""ש המר",נתיבות
644559,"דרכא מקיף ד' ע""ש רבין",אשקלון
644583,מקיף חדש ט',אשדוד
644591,מקיף עומר,עומר
644617,תיכון ברנקו וייס מיתרים,מיתר
644666,אולפנת צביה דימונה,דימונה
644674,ישיבת תושיה לצעירים,תפרח
644690,יצחק רבין,אילת
644708,מקיף ע. דוד טוביהו,באר שבע
644732,"אורט מקיף ע""ש אריה מאיר",קרית גת
644757,קרית חינוך-ק. מלאכי,קרית מלאכי
644781,"דרכא ע""ש הצבי",נתיבות
644807,"דרכא ע""ש יצחק נבון",נתיבות
644823,מקיף י',אשדוד
644831,אומנויות,אשקלון
644849,"ישיבת אמי""ת",באר שבע
644989,לבב חכמה,ירושלים
645036,סמינר בית יעקב החסיד,מודיעין עילית
645119,ישיבת כתר התורה,ביתר עילית
645200,אולפנת בארי,שדרות
645382,תיכון שקמים,הוד השרון
645424,ניסוי ארגנטינה,ירושלים
645838,"חט""ב אבדאע",ערערה-בנגב
646299,עודד,לבון
646588,נעימת הלב,חריש
646794,ישיבת עטרת חיים צבי ברכת מאיר,ביתר עילית
647123,הישיבה החדשה לצעירים,ירושלים
647198,משכן העדות,ירושלים
647206,בית עזריאל,ירושלים
647487,מעיל שמואל,צפת
647834,ישיבת קדושת ציון ד'ב,בת ים
647966,מוסדות יצחק ירנן,אשקלון
647974,חפץ חיים,שדרות
648030,תיכון סלמאן אלהוזייל,רהט
648048,מקיף רהט,רהט
648055,מקיף אלחכמה,לקיה
648063,מקיף שגב,שגב-שלום
648071,מקיף ערערה בנגב,ערערה-בנגב
648089,טומשין אלביאן תלשבע,תל שבע
648097,רב תחומי לקיה,לקיה
648113,מקיף א'לנור,רהט
648121,"מקיף ע""ש יצחק רבין",חורה
648139,אורט כסייפה אלפארוק,כסיפה
648147,מקיף אלנור ערערה,ערערה-בנגב
648154,מקיף אלחיאת,חורה
648170,"מח""ט עמל רעות",באר שבע
648204,אלנג'אח,רהט
648220,תיכון אורט אבוקרינט,אבו קרינאת (יישוב)
648238,דאר אלקלם,רהט
648261,"אקרא ע""ש עאמר צאנע",לקיה
648279,תיכון אורט אלהואשלה,קצר א-סר
648287,אורט ביר הדאג' נווה מדבר,ביר הדאג'
648295,מקיף אלע'ד טומשין,מכחול
648303,מקיף אלסאלם,שגב-שלום
648311,מקיף חדש אום בטין,אום בטין
648329,מקיף אלתקוא,רהט
648337,אמקיף אלסאלם,חורה
648345,תיכון אורט מולדה,סעווה
648386,תיכון ראשית,ירושלים
648394,קינג סולמון- על יסוד,רמת השרון
648410,מוסדות בית נחמיה,בני ברק
648444,סמינר אקשטיין,בני ברק
648469,נצח ישראל,תל אביב - יפו
648519,"עץ חיים דבאבוב בארה""",בני ברק
648816,תיכון נתיבות משה,חיפה
649103,ישיבת זכרון מיכאל,זכרון יעקב
650028,אלקימה,ירושלים
650127,"בי""ס מח""ט עראבה",עראבה
650515,אולפנת רננה,ירושלים
650523,אולפנת בית אל,בית אל
653600,ישיבת פלח הרימון,שילה
653659,אורט - אור יקרות,אלעד
654020,ישיבת דרכי יוסף,ירושלים
654210,מכללת אור העתיד גן י,גן יבנה
655183,בנות רחל,חריש
655233,שירת ציון,תל ציון
655449,תכלת מרדכי נדבורנה,בני ברק
655563,בית אהרן,ירושלים
656017,סמינר כלל חסידי צפת,צפת
656132,ישיבה תיכונית,מיתר
656165,אולפנא טל תחיה,פסגות
656207,היכל התלמוד,קרית גת
656363,אור שרה,ירושלים
657379,ישיבת בעלזא ביתר עילית,ביתר עילית
658344,אורחות בית יעקב ירוש,ירושלים
658443,"תומכי תמימים ראשל""צ",ראשון לציון
658849,שפתי חיים,ירושלים
658898,ישיבה תיכונית צביה,משואה
658989,תיכון שחקים,ראש העין
659235,"תיכון ע""ש בגין",רמת גן
659284,מכללת WAN-TECH בארי,בית ברל
659334,"מח""ט אמית צפת",צפת
659441,מקיף וואלדרוף,שפרעם
659631,בית חנה,חדרה
659649,בית ספר טכנולוגי ד'ד,ג'דיידה-מכר
659680,שדה צופים,שומרה
659888,הר עציון לצעירים,אלון שבות
660043,מעיין חיים ושלום,אשקלון
660050,משכן התלמוד,אופקים
660076,מקיף צפית,כפר מנחם
660084,תיכון שקמה דרכא,יד מרדכי
660092,אורט אדיבי אשקלון,אשקלון
660126,מקיף שער הנגב,ניר עם
660134,מקיף באר טוביה,באר טוביה
660175,תכון ברנקו וייס-אילת,אילת
660209,תיכון חזון בית יעקב,אלומה
660217,ישיבת תורת ישראל,אופקים
660225,תיכון תראבין,תראבין א-צאנע(ישוב)
660233,תיכון אורט אבו תלול נווה מדבר,אבו תלול
660266,קמפוס חוף אשקלון דרכא,באר גנים
660274,מבואות הנגב,שובל
660282,סמינר בית יעקב החדש,נתיבות
660308,ישיבת באר שבע,באר שבע
660324,נופי הבשור,מגן
660332,שערי רחמים,ירושלים
660498,בית ספר על יסודי שיטים דרכא,ספיר
660613,דרכיה,ביתר עילית
661637,ענבר,ירושלים
661660,סמינר וסרמן,בני ברק
661827,מאור ירושלים,ביתר עילית
661835,ישיבת תפארת אברהם טש,ירושלים
661850,תיכון יעלת חן,ירושלים
661884,"ב""ס טכנולוגי ב.חנינה",ירושלים
662296,אום טובא תיכון בנים,ירושלים
662452,אמחד סאמח תיכון בנים,ירושלים
662494,אלתורי תיכון בנות,ירושלים
662502,אלסופראא תיכון מעורב,ירושלים
662510,אלוואדי תיכון מעורב,ירושלים
662635,"ביה""ס לעתודה טכנולוגית ספיר",תעשית שער הנגב
662650,ישיבת באר מים חיים צפת,צפת
662726,ישיבת בית חדש-שערי י,בית חלקיה
662783,תורת שלמה,רחובות
662866,תפארת לוי גני איילון,לוד
662940,תיכון באר מרים,נתיבות
662973,אורות עולם,בית שמש
663013,רוממות התורה,בני ברק
663070,אהבת ציון,ירושלים
663088,היכל אברהם,ירושלים
663096,חיי אברהם פונוביז,בני ברק
663112,פונוביז' גרודנא באר,באר יעקב
663336,תיכון אורים,רמת השרון
665372,מרום שש שנתי עמק חפר,בית ינאי
665562,הכתר,ירושלים
665588,"מח""ט כסיפה",כסיפה
667097,תיכון כה תאמר,קרית גת
667394,ארבעת המינים,עין החורש
668434,תיכון אודם דרכא,קצרין
668962,אלביאן מקיף,ירושלים
669259,ברנקו וייס מרכז תמר,חורה
669309,סמינר חסידי חדש,בני ברק
670042,עמל רמות באר שבע,באר שבע
670067,אורט אפרידר אשקלון,אשקלון
670182,מעלות דבורה,ביתר עילית
670208,אולפנת תהילת ישראל,אילת
670232,מקיף דתי,שדרות
670240,סמינר ביתר עילית שירת דבורה,ביתר עילית
670323,מרכז חנוך משיבי חיים,אשדוד
670331,אורט ימי אשדוד,אשדוד
670414,מקיף דתי,קרית מלאכי
670422,גימנסיה דרכא,קרית מלאכי
670562,"ביה""ס למלאכה חב""ד",קרית מלאכי
670810,טכני חיל האויר,באר שבע
670828,כפר הנוער קדמה,קדמה
670836,מכ' עמל להנדסה באר שבע,באר שבע
670851,בנות צפורה,ירושלים
671297,שירת מרים,אופקים
671347,ארחות יושר,ירושלים
672220,בנות ליובאוויטש,בית שמש
672386,התיכון החדש בטבריה,טבריה
672410,עטרת ראובן,ביתר עילית
672568,שערי שמועות,בית חלקיה
672600,טשכנוב ירושלים,ירושלים
672634,ישיבת עטרת שלמה אחיס,לוד
673053,בנות חיה,ירושלים
673244,נחלי אמונה צפת,צפת
673509,לב לדעת,צפת
673541,תיכון בית מלכה חיפה,חיפה
673822,"התיכון הנכו""ן",כפר האורנים
673913,חדוות השם,ירושלים
673939,סמינר הר חומה,ירושלים
674085,אורחות שרה,נתניה
674416,בויאר בינלאומי,ירושלים
674531,ישיבה קטנה -הר חומה,ירושלים
674556,סמינר לבנות תומר דבורה,ירושלים
674747,תיכון אור חדש,בית שמש
674762,"סמינר ""שלהבת""",בית שמש
675116,ישיבת משנה תורה הר נוף,ירושלים
675231,תורת יהודה,ירושלים
675256,שער המלך,ירושלים
675363,ישיבה קטנה נווה,נווה
675934,ישיבת ארחות יעקב,מודיעין עילית
676080,ישיבת טשערנאביל בית שמש,בית שמש
676130,תפארת רוזין,ביתר עילית
676148,ישיבת ברכת אליעזר,בית שמש
676171,ישיבת אחינו פתח תקוה,פתח תקווה
676254,עזרת שמעון,ביתר עילית
676353,מתיבתא דרבי יוחנן,טבריה
676478,אמרי שאול מודז'יץ,בני ברק
676544,צדקת נתן,בני ברק
676569,דרך שלמה,בני ברק
677245,סמינר הליכות בית יעקב,מודיעין עילית
678011,רב תחומי עמל הדקלים תל שבע,תל שבע
680025,אשל הנשיא,אשל הנשיא
680033,מקיף כפר סילבר,כפר סילבר
680066,חקלאי כנות,כנות
680082,אולפנת מרכז שפירא,מרכז שפירא
680108,מקיף דתי עזתה בנות,זמרת
681247,"רב תחומי על מרום-תיכון ממ""ד",אופקים
681288,תיכון לביא,כוכב השחר
681361,תבנית החינוך המוזהב,צביה
681379,ג'סור אלאמל,חורה
681676,ישיבת סנהדרין,אשקלון
685586,תיכון אלסייד,אל סייד
710756,תיכון אורית,סח'נין
711051,"שש שנתי ע""ש יצחק שמיר",פתח תקווה
711556,ישיבת אוצר התורה,ירושלים
711564,דעת ותבונה,ביתר עילית
711770,בית הספר השיטה,רחובות
711903,דרכי חנה,אלעד
712943,נתיבות חכמה,מודיעין עילית
713131,תיכון חדש,כפר מנדא
713594,רגבים בעמק,טירת צבי
713743,אולפנת צביה בקעת הירדן,חמרה
714204,"בי""ס סוואחרה בנים",ירושלים
714824,לווית חן,חולון
714857,תיכון בית יעקב תל אב,תל אביב - יפו
715235,סמינר גברא אלעד,אלעד
715300,ים התורה,ירושלים
715318,ישיבה לצעירים אלעד,אלעד
715623,מקיף אלסלעה,ירושלים
715797,שערי תבונה,אלעד
715920,אולפנת קצרין,קצרין
716423,עתיד עטרת חן,ירושלים
716605,תיכון פרי תואר בית י,אלעד
716779,ישיבת נחלת אהרן קויד,בני ברק
717769,בית יעקב בנות הרמה,בית שמש
718056,אורט ישיבת אגדלך ירושלים,ירושלים
718189,נווה מדבר ניצנה,ניצנה (קהילת חינוך)
718965,מחול,מחולה
718999,"מכללת אורמת ע""ש י. ג",יבנה
719542,תיכון גני תקווה,גני תקווה
719575,כנסת הגדולה מפעלים ח,מודיעין עילית
719591,כפר הנוער איילת השחר,יונתן
719724,"שש שנתי יש""י",חדרה
719799,ישיבת בני אהרן,אלעד
721175,נתיבות דעת,בית שמש
722017,ישיבה קטנה ארחות מרד,כוכב השחר
722025,עמלה של תורה,ביתר עילית
722033,ישיבת חכמה ודעת,ירושלים
722058,הישיבה הגדולה עטרת ש,ראשון לציון
722066,סמינר מורשת ירושלים,ביתר עילית
722074,סמינר לוית חן,בית שמש
722116,בני מלכים ישיבה,אלעד
722124,חכמת דוד,אלעד
722132,תורה בתפארתה,אלעד
722140,עטרת שלמה ביתר,ביתר עילית
722512,סמינר בית מלכה בית ש,בית שמש
723437,בית בנימין,צפת
723684,אהל רחל,בני ברק
724062,חזון דוד,מודיעין עילית
724161,כוכבי המדבר ברנקו וייס,להב
725382,תומכי תמימים - ישיבה,קרית מלאכי
727099,ישיבת תורת ישראל,ירושלים
728691,ישיבת תורת מרדכי,מודיעין עילית
728717,ישיבה דחסידי בעלזא ב,בית שמש
728725,ישיבה לצעירים אשדוד,אשדוד
728733,ישיבת אור אפריים,בית שמש
728741,אור יהושע נתיבות התו,בית שמש
728808,ישיבה לצעירים רכסים,רכסים
728816,מוסדות ביאלא חלקת יה,בני ברק
728857,בית התלמוד שערי תורה,ירושלים
728865,חוקי חיים,ירושלים
728964,ישיבת משכנות התורה בני ברק,בני ברק
729004,אהבת תורה,ביתר עילית
729012,רמות זבולון,אבטין
729020,ישיבת נעימות התורה,ביתר עילית
729038,ישיבת דברי מלך,בית שמש
729053,עתיד פסגות מגדל העמק,מגדל העמק
729079,"עטרת שלמה בארה""ק",בני ברק
729087,ישיבה למצוינים רחובו,רחובות
729095,אבן האזל אלעד,אלעד
729111,ישיבה תיכונית דובר טוב,ירושלים
729210,תום ודעת,ירושלים
729244,יצחק נבון- פארק המדע,נס ציונה
729285,אורט טכנולוגי קרית ג,קרית גת
729293,"אורט מח""ט צור ערד",ערד
729566,ישיבת ברכת השם,בית הגדי
729574,זיו אור נתניה,נתניה
729848,ישיבה לצעירים פתח תק,פתח תקווה
729863,ישיבת אהל אברהם,אלעד
729871,תיכון עיסויה בנים,ירושלים
731174,מכון בית יעקב למורות,מודיעין עילית
732024,אמרי משה,ירושלים
732081,נחלי התורה,ירושלים
732529,דרך עליה,פתח תקווה
732735,תיכון קדם,ערד
733121,"מקיף ע""ש ד""ר חאלד ס",נצרת
733451,דרכה של תורה מודיעין,מודיעין עילית
733584,דמוקרטי בעמק- התיכון,נהלל
733691,דגל ירושלים,נחלים
733725,מכללה איזורית כסרא ס,כסרא-סמיע
733824,ישיבת תורת עולם,בית שמש
733907,ופרצת-מוסדות ליו,בית שמש
733956,בית מנחם מענדל,צפת
734061,מעלות שמחה,חצור הגלילית
734301,מרגליות,אשדוד
734863,כפר הנוער הערבי למצויינות,גבעת חביבה
735845,ישיבת בית רפאל,בני ברק
736256,ישיבה לצעירים תלציון,תל ציון
736975,מתיבתא דרבי יוחנן מע,בני ברק
738575,ישבת תפארת ישראל,מודיעין עילית
739011,בית דוד,בית שמש
739045,רימון,פרדס חנה-כרכור
739052,מרכז לתורה והוראה,פתח תקווה
739078,ישיבת רכסים לצעירים,רכסים
739185,ברכת שמואל,בית שמש
740365,תיכון אלמל,סח'נין
740381,ישיבת משכנות נעורים,יסודות
740688,תיכון נתיבות שלום,ביתר עילית
740753,תיכון חרדי באר יעקב,באר יעקב
740779,אוהל רבקה,ירושלים
740894,מרכז עתיד לוגי טק,באר יעקב
741033,אדם ואדמה- ערבה,חצבה
741173,חנוך לנער,פתח תקווה
741280,משכנותיך ישראך,ירושלים
741348,בית יעקב החדש ביתר ע,ביתר עילית
741496,תורה ודעת,בני ברק
741710,בנות בת שבע,מודיעין עילית
741892,בנות מלכים,ירושלים
742163,אולפנת תפארת,מגדל העמק
742189,תיכון בנות שולמית,רחובות
742544,מכון בית יעקב למורות,אלעד
742759,דרכי הלל,חדרה
744110,נוף הגליל,נוף הגליל
744565,בית הספר הבינלאומי ב,גבעת חביבה
745877,עטרת התלמוד,תל אביב - יפו
745901,בנות מלך,נתניה
745968,ישיבת היכל יצחק,ירושלים
746115,עלמא,חיפה
746404,ישיבת בני עקיבא מכלו,מעלה לבונה
746669,ישיבת צביה כרמי קטיף,כרמי קטיף
746784,תיכון ויזניץ מודיעין,מודיעין עילית
747329,דורשי ציון,ביתר עילית
747337,תפארת משה,ביתר עילית
747444,אוצרות הגדולים,אשדוד
747469,אהלים של תורה,בית שמש
747477,ישיבת כח התורה,אלעד
747493,ישיבת תפארת התורה,בית שמש
747501,עטרת שלמה אלעד,אלעד
747519,ישיבת חסד לאברהם,בני ברק
747535,ישיבת ברסלב ביתר,ביתר עילית
747576,משכנות התלמוד,פתח תקווה
747584,בית יצחק,ירושלים
747618,אהל תורה,ירושלים
748004,תיכון גור קרית גת,קרית גת
748574,רגבים בנימין,מעלה מכמש
748699,שפע חיים צאנז,אלעד
748897,סוגה בשושנים,טבריה
749028,תיכון אהל משה,זמרת
749077,סמינר שושנים,ירושלים
749200,סמינר בית יעקב תפארת,אשדוד
749481,סמינר בינת החינוך,ירושלים
749572,ישיבה לצעירים - בית,צפת
749770,ישיבת ברסלב אור מוהר,יבנאל
749887,נשמת התורה,ירושלים
749895,בנות ציון,בני ברק
754432,ישיבה לצעירים עפולה,עפולה
754804,ישיבת באר יצחק- מודי,מודיעין עילית
755066,"ישיבת בנ""ע בר יוחאי מירון",מירון
755074,אורט מעין חי רחובות,רחובות
755157,בית השם נהלך,בית שמש
755181,תיכון אזורי רמת הנגב,משאבי שדה
755223,תיכון קורצ'אק ',באר שבע
755231,הישיבה לצעירים,אשדוד
755397,אורט משכן משה ביתר עלית,ביתר עילית
755587,בית ספר תיכון אלפורק,ירושלים
755603,כנסת תורת חיים,בית שמש
755868,בנות חנה,ביתר עילית
755900,תומר דבורה,צפת
756049,ישיבת ראדין,נתניה
756205,שובו מיטב ראשלצ,ראשון לציון
756353,נחלת אפרים,נתיבות
756577,מעלות ירושלים,בית שמש
756585,איילת השחר,בית שמש
756619,שובו מיטב נתניה,נתניה
756692,בית ספר תיכון רואא,ירושלים
756775,בית ספר תיכון אלפורק,ירושלים
756833,שערי אשר,תל אביב - יפו
756999,עתיד כרמיאל,כרמיאל
757609,בית ספר תיכון סמירא,ירושלים
757641,מכון בית יעקב למורות,ירושלים
757666,אולפנת עטרת רחל,ירושלים
757831,עמל התורה הקדושה,בני ברק
758052,אהל אברהם,בני ברק
758060,ישיבת בני ראובן,אלעד
758078,שערי תורה אור עקיבא,אור עקיבא
758094,סמינר יצהר,כפר סבא
758102,בנות שרה,אלעד
758110,אור אפרים אלעד,אלעד
758136,המכינה התורנית מגיני,בת ים
758151,ישיבה לצעירים עפולה,עפולה
758169,דרך תבונות,בני ברק
758177,אגודת אוהל זהר התורה,אשדוד
758193,דעת אהרון,ירושלים
758243,טל ישראל,ירושלים
758250,ישיבת נתיבות מרדכי,ירושלים
758342,הישיבה לצעירים בית ש,בית שמש
758417,ישיבת שערי דעה,מודיעין עילית
758466,תורת יעקב,בת ים
759019,עטרת תמר,חיפה
759043,סמינר בנות לאה אסתר,בני ברק
759399,תיכון דמוקרטי,הוד השרון
759688,שבות ישראל,אפרת
759696,תפארת שלמה,רמלה
760116,הדרת משה,ירושלים
761205,נועם תיכון טכנולגי,ביתר עילית
761320,ישיבת משכנותיך ישראל,בית שמש
761353,סמינר בנות מלכה,מודיעין עילית
761379,תורת חיים,אלעד
761395,ישיבת מצפה רחובות,רחובות
761643,אורט אבו קוידר נווה מדבר,אבו ג'ווייעד (שבט)
761734,בנות חייל,רעננה
761767,העמק,מזרע
761858,מבקשי תורה,בית שמש
762401,ישיבת שירת התורה,ירושלים
763524,צעירים חדרה,חדרה
763557,רגבים בגולן נטור,נטור
763573,מכללת עתיד בועיינה נוג'ידאת,בועיינה נוג'ידאת
764290,אולפנת רגבים כפר עציון,כפר עציון
765321,ישיבת אור יצחק,בני ברק
765966,אורט מחט קסאר אסר,קצר א-סר
767285,ישיבת חיי עולם,בית שמש
767301,סמינר החדש עפולה,עפולה
767830,תורת אליהו,מודיעין עילית
767889,ישיבת דרך התורה,ביתר עילית
768697,ישיבת תפרח לצעירים,תפרח
768796,ישיבת תפארת התורה,ירושלים
769620,נפלאות התורה,ירושלים
769745,תיכון חדש,קרית אונו
769919,נתיבות שרה,חדרה
769968,האקדמיה למצוינות בספורט,נתניה
770040,המשותף חוף הכרמל,מעגן מיכאל
770057,עמל אמירים אופקים,אופקים
770065,מקיף אזורי ברנר,גבעת ברנר
770073,מקיף חוף הכרמל,מעגן מיכאל
770222,אולפנת נווה שרה הרצוג,בני ברק
770230,שפרירים,גבעת חיים (איחוד)
770297,עירוני יד',תל אביב - יפו
770305,ישיבת שעלבים,שעלבים
770388,תיכון יצחק שמיר,כפר סבא
770396,מכללה טכנו' חיל-אויר,חיפה
770412,בית יעקב אבות,אשדוד
770453,"תיכון ע""ש קציר",רחובות
770461,"מקיף ג' ע""ש רוגוזין",אשדוד
770495,בית חנה,ירושלים
770503,בית יעקב אהל חיה,נתיבות
770552,"מקיף דתי אמי""ת",באר שבע
770586,"עירוני ע""ש שזר",בת ים
770602,מעלה שחרות,יטבתה
770719,ישיבת חנוך לנער,נתיבות
770727,"אולפנת בנ""ע טל רמות",ירושלים
770750,"אורט ע""ש מיטרני",חולון
770768,"מקיף דרכא ע""ש ספיר",ירוחם
770776,אורט אברט חצור הגלילית,חצור הגלילית
770784,"קרית החינוך אמי""ת",חצור הגלילית
770826,עירוני ו' מקיף,באר שבע
770842,מקיף השרון עש רוטברג,רמת השרון
770859,"קריית חינוך ע""ש שמריהו בירן",עכו
770875,אורט חרמץ גבעת רם ירושלים,ירושלים
770941,תיכון לחינוך סביבתי,שדה בוקר
770990,מקיף אזורי מרחבים,בתי ספר של מרחבים
771030,מוסדות מגדל אור,מגדל העמק
771071,מקיף ג' עמית,ראשון לציון
771089,התיכון הניסויי,ירושלים
771105,מקיף עין גדי,עין גדי
771121,ישיבת תורה והוראה,תל אביב - יפו
771188,ישיבה למצוינים פני מנחם,ירושלים
771287,"מנו""ף",עכו
771626,תיכון שירת הדסה,אשדוד
772053,תפארת תמר,נתיבות
772467,אשירה,ראש העין
772574,ישיבת בנועם התלמוד,בני ברק
772905,תאיר ציון,ירושלים
772913,הישיבה הגדולה יסודות,יסודות
773127,יסודות התורה,תל אביב - יפו
773259,"ישיבת רש""י",ירושלים
773275,זיו אור חריש,חריש
773291,נתיב הדעת,ירושלים
773317,מיר ברכפלד,מודיעין עילית
773358,מכללת אורט קרית ביאליק,קרית ביאליק
774307,שירת ירושלים,ירושלים
774737,אש התלמוד,ביתר עילית
776492,ישיבה לצעירים,מעלות-תרשיחא
779249,ניצן נירים,ניר עם
779843,תיכון בנות מנחם,חולון
780742,ישיבת כתר תורה,קרית יערים
786293,ישיבת דרכי תורה,בני ברק
800003,תיכון חקלאי ימה,זמר
800037,אורט אבו רביעה כסייפה,כסיפה
800052,"תיכון ע""ש ג'מאל טרביה",סח'נין
800060,מקיף אחווה ירכא,ירכא
800078,מקיף עין מאהל,עין מאהל
800086,מקיף כפר קאסם,כפר קאסם
800094,תיכון כפר כנא,כפר כנא
800102,תיכון ערערה למדע וטכ,ערערה
800128,רב תחומי עמל דבוריה,דבוריה
800136,"מקיף ע""ש קאסם גאנם",מגאר
800144,מקיף אלסאפווה תל שבע,תל שבע
804245,עמי אסף,בית ברל
804252,שחפים,מעגן מיכאל
810002,מדרשה אומנויות מדעים דרכא,ניצן
820548,עדני הנגב,שובל
841213,אולפנת אלומה שדות נגב,בית הגדי
841247,אולפנת רגבים אופק,נוב
841254,בית חינוך ירקון,נווה ירק
841262,מקיף הר טוב,צרעה
844043,בנימין רוטמן עמק יפה,ניר יפה
844076,קרית חינוך דרור,בני דרור
860353,תיכון תמר,נטור
860361,דרכא בית ירח א',כנרת (קבוצה)
872531,בית הספר הארצי להנדס,חיפה
961003,"היל""ה מלכישוע-חסות",מלכישוע
961011,"היל""ה רטורנו-חסות",גבעת שמש
